public_id,url,name,name_kana,name_romaji,brewery_id,brewery_name,brewery_name_romaji,brewery_url,brewery_website,category,rice,polishing_ratio_pct,abv_pct,sake_meter_value,acidity,yeast,water_source,starter_method,pressing_filtration,pasteurization,milling_tech,has_gas,aroma_type,acidity_type,taste_sweet_dry,taste_acidity,taste_umami,taste_aroma,taste_body,taste_finish,taste_drinkability,volumes_ml,brewery_confirmed_spec,brewery_confirmed_taste,updated_at
59762,https://find-sake.me/sake/59762,Chikuha N Shiro,ちくは えぬ しろ,Chikuha N Shiro,10022,数馬酒造株式会社,Kazuma Shuzo,https://find-sake.me/brewery/10022,https://chikuha.co.jp/,純米,百万石乃白,60,11,-20,,,能登水系,,,,,,B:青リンゴ・レモン系,爽快・リンゴ酸系,1,2,2,4,1,3,5,500,false,false,2026-08-20
35640,https://find-sake.me/sake/35640,Chikuha N Sweet,ちくは えぬ すいーと,Chikuha N Sweet,10022,数馬酒造株式会社,Kazuma Shuzo,https://find-sake.me/brewery/10022,https://chikuha.co.jp/,,五百万石,60,14,,,,能登水系,再醸仕込み,,低アル原酒,,,,重厚・乳酸系,1,3,4,3,4,2,4,720,false,false,2026-08-20
31932,https://find-sake.me/sake/31932,Chikuha N 生,ちくは えぬ なま,Chikuha N Nama,10022,数馬酒造株式会社,Kazuma Shuzo,https://find-sake.me/brewery/10022,https://chikuha.co.jp/,純米,五百万石（能登産100%）,60,17.5,,,,能登水系,,,生酒,,,,,2,2,3,3,4,3,3,300,false,false,2026-08-20
20870,https://find-sake.me/sake/20870,HARUGOKORO アナザーシリーズ 亀の尾グリーンラベル R7BY,はるごころ あなざーしりーず かめのお ぐりーんらべる,HARUGOKORO Another Series Kame-no-o Green Label R7BY,10014,合同会社西出酒造,Nishide Shuzo,https://find-sake.me/brewery/10014,https://nishidesake.com/,,亀の尾（石川県産・契約栽培米）,,15,,,蔵付酵母,蔵の井戸水（軟水・アメリカ硬度15mg/L程度）,速醸,,,,,E:穀物・ふくよか系,中庸・バランス系,3,3,3,2,3,3,4,720,false,false,2026-08-20
1775,https://find-sake.me/sake/1775,is68 百万石乃白 純米大吟醸,あいえす68 ひゃくまんごくのしろ じゅんまいだいぎんじょう,is68 Hyakumangoku-no-shiro Junmai Daiginjo,10003,中村酒造株式会社,Nakamura Shuzo,https://find-sake.me/brewery/10003,https://www.nakamura-shuzou.co.jp/,純米大吟醸,百万石乃白,50,15,-3,1.7,,白山水系,,,火入れ,,,,,2,4,5,5,4,3,3,300;720,true,true,2026-08-26
61810,https://find-sake.me/sake/61810,KAGASHIKI,かがしき,Kagashiki,10003,中村酒造株式会社,Nakamura Shuzo,https://find-sake.me/brewery/10003,https://www.nakamura-shuzou.co.jp/,純米大吟醸,百万石乃白,40,16,0,1.6,,白山水系,,,火入れ,,,,,3,3,2,5,3,4,4,720,true,true,2026-08-26
4101,https://find-sake.me/sake/4101,KAGA鶴 特別純米,かがつる とくべつじゅんまい,Kaga Tsuru Tokubetsu Junmai,10005,やちや酒造株式会社,Yachiya Shuzo,https://find-sake.me/brewery/10005,http://www.yachiya-sake.co.jp/,特別純米,五百万石,60,15,,,,,,,,,,,中庸・バランス系,4,3,3,2,3,4,4,720,false,false,2026-08-20
53683,https://find-sake.me/sake/53683,KAGA鶴 純米吟醸,かがつる じゅんまいぎんじょう,Kaga Tsuru Junmai Ginjo,10005,やちや酒造株式会社,Yachiya Shuzo,https://find-sake.me/brewery/10005,http://www.yachiya-sake.co.jp/,純米吟醸,百万石乃白,55,15,,,,,,,,,,,,4,3,4,3,3,4,4,300;720,false,false,2026-08-20
13810,https://find-sake.me/sake/13810,Limited Edition NOGUCHI NAOHIKO 01 2019,りみてっど えでぃしょん のぐち なおひこ 01 2019,Limited Edition Noguchi Naohiko 01 2019,10033,農口尚彦研究所,Noguchi Naohiko Sake Institute,https://find-sake.me/brewery/10033,https://noguchi-naohiko.co.jp/,大吟醸,山田錦（兵庫県東条特A地区産）,,18,,,,,,,火入れ,,,D:熟成系,中庸・バランス系,4,3,4,4,4,4,3,770,false,false,2026-08-20
37670,https://find-sake.me/sake/37670,NOGUCHI NAOHIKO 01 Special Edition Vol.2,のぐち なおひこ 01 すぺしゃる えでぃしょん ぼりゅーむ2,Noguchi Naohiko 01 Special Edition Vol.2,10033,農口尚彦研究所,Noguchi Naohiko Sake Institute,https://find-sake.me/brewery/10033,https://noguchi-naohiko.co.jp/,大吟醸,雄町（岡山県産）75%、山田錦（兵庫県東条特A地区産）25%,,18,,,,,古典的山廃,無濾過,火入れ、原酒,,,D:熟成系,重厚・乳酸系,3,4,5,4,5,2,2,770,false,false,2026-08-20
64251,https://find-sake.me/sake/64251,PREMIUM NOUVEAU 無濾過生原酒 2025,ぷれみあむ ぬーぼー むろかなまげんしゅ 2025,Premium Nouveau Muroka Nama Genshu 2025,10033,農口尚彦研究所,Noguchi Naohiko Sake Institute,https://find-sake.me/brewery/10033,https://noguchi-naohiko.co.jp/,,五百万石（北陸産）100%,60,19,,,,,,無濾過,生酒、原酒,,true,B:青リンゴ・レモン系,中庸・バランス系,4,3,3,3,5,5,2,720,false,false,2026-08-20
45520,https://find-sake.me/sake/45520,SEVEN神泉 純米吟醸,せぶんしんせん じゅんまいぎんじょう,Seven Shinsen Junmai Ginjo,10015,東酒造株式会社,Higashi Shuzo,https://find-sake.me/brewery/10015,http://www.sake-sinsen.co.jp/,純米吟醸,山田錦,50,15,,,金沢酵母,白山・手取川水系,,生,生酒,,,A:メロン・白桃系,中庸・バランス系,3,2,4,4,3,4,5,720,true,true,2026-08-20
12460,https://find-sake.me/sake/12460,アラン・デュカス セレクション 純米酒,あらん・でゅかす せれくしょん じゅんまいしゅ,Alain Ducasse Selection Junmaishu,10003,中村酒造株式会社,Nakamura Shuzo,https://find-sake.me/brewery/10003,https://www.nakamura-shuzou.co.jp/,純米,神子原米,65,15,-5,1.8,中村酒造オリジナル酵母,白山水系,速醸,,火入れ,,,,中庸・バランス系,3,4,3,2,4,4,4,375;720,true,true,2026-08-26
5000,https://find-sake.me/sake/5000,おれの酒 純米吟醸 Shiro,おれのさけ じゅんまいぎんじょう しろ,Ore no Sake Junmai Ginjo Shiro,10031,日吉酒造店,Hiyoshi Shuzoten,https://find-sake.me/brewery/10031,https://hiyoshisyuzou.com/,純米吟醸,百万石乃白100%（石川県産）,50,16,,,,白山・手取川水系,,,,,,,中庸・バランス系,4,4,3,4,3,4,4,720,false,false,2026-08-30
24337,https://find-sake.me/sake/24337,おれの酒 純米酒 plus,おれのさけ じゅんまいしゅ ぷらす,Ore no Sake Junmaishu plus,10031,日吉酒造店,Hiyoshi Shuzoten,https://find-sake.me/brewery/10031,https://hiyoshisyuzou.com/,純米酒,五百万石100%,60,16,,,,白山・手取川水系,,,,,,E:穀物・ふくよか系,中庸・バランス系,5,3,3,2,3,4,3,720,false,false,2026-08-30
34480,https://find-sake.me/sake/34480,おれの酒 純米酒 plus ひやおろし,おれのさけ じゅんまいしゅ ぷらす ひやおろし,Ore no Sake Junmaishu plus Hiyaoroshi,10031,日吉酒造店,Hiyoshi Shuzoten,https://find-sake.me/brewery/10031,https://hiyoshisyuzou.com/,純米酒,五百万石100%,60,15,,,,白山・手取川水系,,,ひやおろし,,,E:穀物・ふくよか系,中庸・バランス系,4,3,4,2,3,4,4,720,false,false,2026-09-06
28902,https://find-sake.me/sake/28902,こっそり 吟醸原酒,こっそり ぎんじょうげんしゅ,Kossori Ginjo Genshu,10011,株式会社加越,Kaetsu,https://find-sake.me/brewery/10011,https://www.kanpaku.co.jp/,吟醸,山田錦、五百万石,50,18.5,3,1.5,,白山・手取川水系,,,原酒,,,A:メロン・白桃系,中庸・バランス系,3,3,4,3,5,5,3,720,false,false,2026-08-20
5736,https://find-sake.me/sake/5736,こっそり 純米原酒,こっそり じゅんまいげんしゅ,Kossori Junmai Genshu,10011,株式会社加越,Kaetsu,https://find-sake.me/brewery/10011,https://www.kanpaku.co.jp/,純米,一般米,75,17.5,-1,1.8,,白山・手取川水系,,,原酒,,,C:バナナ系,重厚・乳酸系,2,5,5,2,5,3,2,720,false,false,2026-08-20
6123,https://find-sake.me/sake/6123,シラヤマフウロ 本醸造,しらやまふうろ ほんじょうぞう,Shirayama Furo Honjozo,10014,合同会社西出酒造,Nishide Shuzo,https://find-sake.me/brewery/10014,https://nishidesake.com/,本醸造,石川県産米,60,15,,,白山風露酵母（天然酵母）,,,,,,,,中庸・バランス系,4,3,3,3,3,4,3,720,false,false,2026-08-30
42259,https://find-sake.me/sake/42259,ほまれ 上撰,ほまれ じょうせん,Homare Josen,10021,御祖酒造株式会社,Mioya Shuzo,https://find-sake.me/brewery/10021,http://mioya-sake.com/,普通酒,,,15,,,,能登水系,,,,,,E:穀物・ふくよか系,中庸・バランス系,3,3,2,2,2,4,4,1800,false,false,2026-08-20
1891,https://find-sake.me/sake/1891,ほまれ 佳撰,ほまれ かせん,Homare Kasen,10021,御祖酒造株式会社,Mioya Shuzo,https://find-sake.me/brewery/10021,http://mioya-sake.com/,本醸造,,,16,,,,能登水系,,,,,,E:穀物・ふくよか系,中庸・バランス系,3,3,3,2,3,3,3,1800,false,false,2026-08-20
53908,https://find-sake.me/sake/53908,ほまれ 大吟醸,ほまれ だいぎんじょう,Homare Daiginjo,10021,御祖酒造株式会社,Mioya Shuzo,https://find-sake.me/brewery/10021,http://mioya-sake.com/,大吟醸,山田錦,40,16.5,4.5,1.2,,,,,,,,,,3,3,3,5,2,5,4,720;1800,false,false,2026-09-07
17406,https://find-sake.me/sake/17406,ほまれ 旬一献,ほまれ しゅんいっこん,Homare Shun Ikkon,10021,御祖酒造株式会社,Mioya Shuzo,https://find-sake.me/brewery/10021,http://mioya-sake.com/,,,,15.5,,,,能登水系,,,,,,E:穀物・ふくよか系,中庸・バランス系,4,3,3,2,3,4,3,300,false,false,2026-08-20
53023,https://find-sake.me/sake/53023,ほまれ 本醸造,ほまれ ほんじょうぞう,Homare Honjozo,10021,御祖酒造株式会社,Mioya Shuzo,https://find-sake.me/brewery/10021,http://mioya-sake.com/,本醸造,麹米：五百万石（石川県産）、掛米：うるち米（石川県産）,65,15,5.5,1.6,,能登水系,,,火入れ,,,E:穀物・ふくよか系,中庸・バランス系,4,4,4,2,3,4,3,1800,false,false,2026-08-20
19818,https://find-sake.me/sake/19818,ほまれ 純米吟醸 五百万石,ほまれ じゅんまいぎんじょう ごひゃくまんごく,Homare Junmai Ginjo Gohyakumangoku,10021,御祖酒造株式会社,Mioya Shuzo,https://find-sake.me/brewery/10021,http://mioya-sake.com/,純米吟醸,五百万石（石川県産100%）,57,16,,,,能登水系,,,,,,,中庸・バランス系,3,3,3,4,3,4,4,720,false,false,2026-08-20
37700,https://find-sake.me/sake/37700,ほまれ 純米吟醸 山田錦・美山錦,ほまれ じゅんまいぎんじょう やまだにしき・みやまにしき,Homare Junmai Ginjo Yamada Nishiki / Miyama Nishiki,10021,御祖酒造株式会社,Mioya Shuzo,https://find-sake.me/brewery/10021,http://mioya-sake.com/,純米吟醸,山田錦 / 美山錦,55,16.5,5,,,,,,,,,,,3,4,5,5,5,3,3,720;1800,false,false,2026-09-07
57480,https://find-sake.me/sake/57480,ほまれ 純米酒 ひやおろし,ほまれ じゅんまいしゅ ひやおろし,Homare Junmaishu Hiyaoroshi,10021,御祖酒造株式会社,Mioya Shuzo,https://find-sake.me/brewery/10021,http://mioya-sake.com/,純米酒,,,17,,,,能登水系,,,ひやおろし,,,E:穀物・ふくよか系,中庸・バランス系,3,3,4,2,4,3,3,720,false,false,2026-09-05
54065,https://find-sake.me/sake/54065,ほまれ 能洲乃露,ほまれ のうしゅうのつゆ,Homare Noshu-no-tsuyu,10021,御祖酒造株式会社,Mioya Shuzo,https://find-sake.me/brewery/10021,http://mioya-sake.com/,大吟醸,山田錦（兵庫県黒田庄産）,40,17,3,1.3,,能登水系,,,原酒,,,,中庸・バランス系,3,3,4,5,4,4,3,1800,false,false,2026-08-30
46684,https://find-sake.me/sake/46684,モモトセ スイート三十年 長期熟成,ももとせ すいーとさんじゅうねん ちょうきじゅくせい,Momotose Sweet Sanjunen Choki Jukusei,10004,株式会社福光屋,Fukumitsuya,https://find-sake.me/brewery/10004,https://www.fukumitsuya.co.jp/,純米酒,五百万石（石川県産）85%、日本晴（茨城県産）15%,70,16,-23,3.7,,白山・手取川水系,熟成古酒,,古酒,,,D:熟成系,重厚・乳酸系,1,5,5,4,5,1,1,350,false,false,2026-08-20
29665,https://find-sake.me/sake/29665,モモトセ スイート十年 長期熟成,ももとせ すいーとじゅうねん ちょうきじゅくせい,Momotose Sweet Junen Choki Jukusei,10004,株式会社福光屋,Fukumitsuya,https://find-sake.me/brewery/10004,https://www.fukumitsuya.co.jp/,純米酒,山田錦（兵庫県多可町中区産）92%、その他8%,70,17,-16,2.5,,白山・手取川水系,熟成古酒,,古酒,,,D:熟成系,重厚・乳酸系,1,5,4,4,5,2,2,350,false,false,2026-08-20
3358,https://find-sake.me/sake/3358,ルネサンス金沢,るねさんすかなざわ,Renaissance Kanazawa,10003,中村酒造株式会社,Nakamura Shuzo,https://find-sake.me/brewery/10003,https://www.nakamura-shuzou.co.jp/,長期熟成酒,,65,12,,,,,長期熟成,,20年以上長期熟成,,,D:熟成系,中庸・バランス系,1,3,5,5,5,1,1,500,true,true,2026-08-26
6179,https://find-sake.me/sake/6179,二羽鶴,にわづる,Niwazuru,10035,合資会社二羽鶴酒造場,Niwazuru Shuzojo,https://find-sake.me/brewery/10035,,普通酒,,,14,,,,能登水系,,,,,,D:熟成系,中庸・バランス系,3,3,4,3,3,3,4,720,false,false,2026-09-05
10734,https://find-sake.me/sake/10734,五凛 純米大吟醸,ごりん じゅんまいだいぎんじょう,Gorin Junmai Daiginjo,10009,株式会社車多酒造,Shata Shuzo,https://find-sake.me/brewery/10009,https://www.tengumai.co.jp/,純米大吟醸,山田錦,45,16,1,1.5,自家培養酵母,,,,,,,A:メロン・白桃系,中庸・バランス系,4,3,4,4,3,4,4,720;1800,false,false,2026-09-07
18343,https://find-sake.me/sake/18343,五凛 純米酒,ごりん じゅんまいしゅ,Gorin Junmaishu,10009,株式会社車多酒造,Shata Shuzo,https://find-sake.me/brewery/10009,https://www.tengumai.co.jp/,純米酒,山田錦,60,15.5,4,1.7,,,,,,,,,中庸・バランス系,4,4,4,2,3,4,4,720;1800,false,false,2026-09-07
62360,https://find-sake.me/sake/62360,兼六桜 純米にごり酒,けんろくざくら じゅんまいにごりざけ,Kenrokuzakura Junmai Nigorizake,10003,中村酒造株式会社,Nakamura Shuzo,https://find-sake.me/brewery/10003,https://www.nakamura-shuzou.co.jp/,純米酒,五百万石,65,15,-18,3.5,花酵母（兼六園の八重桜）,白山水系,,にごり,火入れ,,true,B:青リンゴ・レモン系,重厚・乳酸系,2,5,5,3,5,3,4,720,true,true,2026-08-26
33858,https://find-sake.me/sake/33858,兼六正宗 大吟醸,けんろくまさむね だいぎんじょう,Kenroku Masamune Daiginjo,10006,株式会社金谷酒造店,Kanaya Shuzoten,https://find-sake.me/brewery/10006,https://www.hakusan-takasago.jp/,大吟醸,,50,16,,,,白山・手取川水系,,,,,,A:メロン・白桃系,中庸・バランス系,3,3,2,4,3,4,4,720;1800,false,false,2026-09-22
49994,https://find-sake.me/sake/49994,冷酒竹葉,れいしゅ ちくは,Reishu Chikuha,10022,数馬酒造株式会社,Kazuma Shuzo,https://find-sake.me/brewery/10022,https://chikuha.co.jp/,普通酒,五百万石ほか,,15,,,,能登水系,,,,,,E:穀物・ふくよか系,中庸・バランス系,3,3,3,2,3,3,4,300,false,false,2026-08-30
36413,https://find-sake.me/sake/36413,初心 光蔵 淡熟三年 秘伝山廃仕込 純米大吟醸,はつごころ ひかりぐら たんじゅくさんねん ひでんやまはいじこみ じゅんまいだいぎんじょう,Hatsugokoro Hikarigura Tanjuku Sannen Hiden Yamahai Jikomi Junmai Daiginjo,10004,株式会社福光屋,Fukumitsuya,https://find-sake.me/brewery/10004,https://www.fukumitsuya.co.jp/,純米大吟醸,山田錦,40,16,4,1.6,,,山廃,,原酒,,,D:熟成系,,3,5,5,4,5,4,2,720;1800,false,false,2026-09-07
31797,https://find-sake.me/sake/31797,初心 壽蔵 淡熟一年 秘伝山廃仕込 純米大吟醸,はつごころ ことぶきぐら たんじゅくいちねん ひでんやまはいじこみ じゅんまいだいぎんじょう,Hatsugokoro Kotobukigura Tanjuku Ichinen Hiden Yamahai Jikomi Junmai Daiginjo,10004,株式会社福光屋,Fukumitsuya,https://find-sake.me/brewery/10004,https://www.fukumitsuya.co.jp/,純米大吟醸,山田錦,40,16,1,1.8,,,山廃,,原酒,,,D:熟成系,,2,5,5,4,5,4,2,720;1800,false,false,2026-09-07
46421,https://find-sake.me/sake/46421,初心 禄蔵 淡熟七年 秘伝山廃仕込 純米大吟醸,はつごころ みどりぐら たんじゅくななねん ひでんやまはいじこみ じゅんまいだいぎんじょう,Hatsugokoro Midorigura Tanjuku Nananen Hiden Yamahai Jikomi Junmai Daiginjo,10004,株式会社福光屋,Fukumitsuya,https://find-sake.me/brewery/10004,https://www.fukumitsuya.co.jp/,純米大吟醸,山田錦,50,17,1,1.8,,,山廃,,原酒,,,D:熟成系,,2,5,5,5,5,4,1,720;1800,false,false,2026-09-07
31329,https://find-sake.me/sake/31329,初心 福蔵 淡熟十年 秘伝山廃仕込 純米大吟醸,はつごころ ふくぐら たんじゅくじゅうねん ひでんやまはいじこみ じゅんまいだいぎんじょう,Hatsugokoro Fukugura Tanjuku Junen Hiden Yamahai Jikomi Junmai Daiginjo,10004,株式会社福光屋,Fukumitsuya,https://find-sake.me/brewery/10004,https://www.fukumitsuya.co.jp/,純米大吟醸,山田錦,50,17,1,1.7,,,山廃,,原酒,,,D:熟成系,,2,5,5,5,5,1,1,720;1800,false,false,2026-09-07
42608,https://find-sake.me/sake/42608,加賀のおいしい地酒み～つけた 純米酒,かがのおいしいじざけみ～つけた じゅんまいしゅ,Kaga no Oishii Jizake Mitsuketa Junmaishu,10013,合資会社手塚酒造場,Tezuka Shuzojo,https://find-sake.me/brewery/10013,,純米,五百万石,65,15.5,,1.4,,白山・手取川水系,速醸,,火入れ,,,,中庸・バランス系,4,3,4,2,3,4,4,720,false,false,2026-09-14
55284,https://find-sake.me/sake/55284,加賀ノ月 ひやおろし,かがのつき ひやおろし,Kaga-no-tsuki Hiyaoroshi,10011,株式会社加越,Kaetsu,https://find-sake.me/brewery/10011,https://www.kanpaku.co.jp/,純米吟醸,五百万石,58,18,5,1.7,,白山・手取川水系,,,ひやおろし、原酒,,,A:メロン・白桃系,中庸・バランス系,5,4,4,3,5,5,3,720,false,false,2026-08-20
43573,https://find-sake.me/sake/43573,加賀ノ月 三日月 本醸造,かがのつき みかづき ほんじょうぞう,Kaga-no-tsuki Mikazuki Honjozo,10011,株式会社加越,Kaetsu,https://find-sake.me/brewery/10011,https://www.kanpaku.co.jp/,本醸造,五百万石、一般米,65,15.5,2,1.6,協会701号,白山・手取川水系,,,,,,C:バナナ系,中庸・バランス系,3,3,4,2,3,4,4,300;720;1800,false,false,2026-09-07
6155,https://find-sake.me/sake/6155,加賀ノ月 半月 純米酒,かがのつき はんげつ じゅんまいしゅ,Kaga-no-tsuki Hangetsu Junmaishu,10011,株式会社加越,Kaetsu,https://find-sake.me/brewery/10011,https://www.kanpaku.co.jp/,純米酒,五百万石、一般米,65,15.5,3.5,1.7,協会9号酵母,白山・手取川水系,,,,,,C:バナナ系,中庸・バランス系,4,4,4,2,4,4,3,300;720;1800,false,false,2026-09-07
30470,https://find-sake.me/sake/30470,加賀ノ月 月光 無濾過,かがのつき げっこう むろか,Kaga-no-tsuki Gekko Muroka,10011,株式会社加越,Kaetsu,https://find-sake.me/brewery/10011,https://www.kanpaku.co.jp/,純米大吟醸,五百万石,50,17,3.5,1.6,,白山・手取川水系,,無濾過、袋しぼり,生酒、原酒,,,A:メロン・白桃系,爽快・リンゴ酸系,3,4,4,5,5,4,4,720;1800,false,false,2026-09-07
20811,https://find-sake.me/sake/20811,加賀ノ月 月光 純米大吟醸,かがのつき げっこう じゅんまいだいぎんじょう,Kaga-no-tsuki Gekko Junmai Daiginjo,10011,株式会社加越,Kaetsu,https://find-sake.me/brewery/10011,https://www.kanpaku.co.jp/,純米大吟醸,五百万石,50,15.5,3.5,1.6,金沢酵母,白山・手取川水系,,,,,,C:バナナ系,中庸・バランス系,3,3,4,3,4,4,4,300;720;1800,false,false,2026-09-07
43412,https://find-sake.me/sake/43412,加賀ノ月 満月 純米吟醸,かがのつき まんげつ じゅんまいぎんじょう,Kaga-no-tsuki Mangetsu Junmai Ginjo,10011,株式会社加越,Kaetsu,https://find-sake.me/brewery/10011,https://www.kanpaku.co.jp/,純米吟醸,五百万石,58,15.5,4,1.4,協会9号酵母,白山・手取川水系,,,,,,B:青リンゴ・レモン系,中庸・バランス系,3,3,3,3,3,4,4,300;720;1800,false,false,2026-09-07
4028,https://find-sake.me/sake/4028,加賀ノ月 琥珀月 山廃純米吟醸,かがのつき こはくづき やまはいじゅんまいぎんじょう,Kaga-no-tsuki Kohakuzuki Yamahai Junmai Ginjo,10011,株式会社加越,Kaetsu,https://find-sake.me/brewery/10011,https://www.kanpaku.co.jp/,純米吟醸,五百万石,60,15.5,-3,1.8,金沢酵母,白山・手取川水系,古典的山廃,,,,,D:熟成系,重厚・乳酸系,1,5,5,2,5,2,1,300;720;1800,false,false,2026-09-07
25355,https://find-sake.me/sake/25355,加賀ノ月 百万石乃白 純米大吟醸,かがのつき ひゃくまんごくのしろ じゅんまいだいぎんじょう,Kaga-no-tsuki Hyakumangoku-no-shiro Junmai Daiginjo,10011,株式会社加越,Kaetsu,https://find-sake.me/brewery/10011,https://www.kanpaku.co.jp/,純米大吟醸,百万石乃白,50,17,2,1.5,金沢酵母,白山水系伏流水,,,原酒,,,C:バナナ系,中庸・バランス系,3,4,3,5,5,5,2,720,false,false,2026-08-20
57685,https://find-sake.me/sake/57685,加賀ノ月 純米吟醸原酒 生酒 風船,かがのつき じゅんまいぎんじょうげんしゅ なまざけ ふうせん,Kaga-no-tsuki Junmai Ginjo Genshu Namazake Fusen,10011,株式会社加越,Kaetsu,https://find-sake.me/brewery/10011,https://www.kanpaku.co.jp/,純米吟醸,五百万石,58,17.5,3,1.4,,白山・手取川水系,,,生酒、原酒,,,,,3,3,3,4,4,4,3,720,false,false,2026-08-30
44788,https://find-sake.me/sake/44788,加賀ノ月 虹,かがのつき にじ,Kaga-no-tsuki Niji,10011,株式会社加越,Kaetsu,https://find-sake.me/brewery/10011,https://www.kanpaku.co.jp/,純米大吟醸,白鶴錦,50,17,2,1.7,,白山・手取川水系,,無濾過、袋しぼり,生酒、原酒,,,A:メロン・白桃系,中庸・バランス系,3,4,5,5,5,3,4,720;1800,false,false,2026-09-07
4647,https://find-sake.me/sake/4647,加賀ノ月 金ノ月,かがのつき きんのつき,Kaga-no-tsuki Kin-no-tsuki,10011,株式会社加越,Kaetsu,https://find-sake.me/brewery/10011,https://www.kanpaku.co.jp/,純米,一般米,75,14.5,-2,2,,白山・手取川水系,,,,,,C:バナナ系,中庸・バランス系,2,5,4,2,4,3,3,300,false,false,2026-08-20
38192,https://find-sake.me/sake/38192,加賀ノ月 銀ノ月,かがのつき ぎんのつき,Kaga-no-tsuki Gin-no-tsuki,10011,株式会社加越,Kaetsu,https://find-sake.me/brewery/10011,https://www.kanpaku.co.jp/,本醸造,一般米,65,14.5,2,1.5,,白山・手取川水系,,,,,,B:青リンゴ・レモン系,爽快・リンゴ酸系,4,3,2,2,2,4,4,300,false,false,2026-08-20
35097,https://find-sake.me/sake/35097,加賀の雪酒 凍結酒,かがのゆきざけ とうけつしゅ,Kaga-no-yukizake Toketsushu,10003,中村酒造株式会社,Nakamura Shuzo,https://find-sake.me/brewery/10003,https://www.nakamura-shuzou.co.jp/,純米,五百万石,65,13,-7,2.3,,白山水系,,,火入れ,,,,中庸・バランス系,2,2,3,3,1,2,5,180,true,true,2026-08-26
42779,https://find-sake.me/sake/42779,加賀吟醸 淡麗大吟醸,かがぎんじょう たんれいだいぎんじょう,Kaga Ginjo Tanrei Daiginjo,10011,株式会社加越,Kaetsu,https://find-sake.me/brewery/10011,https://www.kanpaku.co.jp/,大吟醸,山田錦、五百万石,50,15.5,3,1.5,協会1801号,白山・手取川水系,,,,,,A:メロン・白桃系,爽快・リンゴ酸系,3,4,2,5,2,5,4,1800,false,false,2026-08-20
60848,https://find-sake.me/sake/60848,加賀吟醸 純米大吟醸,かがぎんじょう じゅんまいだいぎんじょう,Kaga Ginjo Junmai Daiginjo,10011,株式会社加越,Kaetsu,https://find-sake.me/brewery/10011,https://www.kanpaku.co.jp/,純米大吟醸,山田錦,50,15.5,,,,白山・手取川水系,,,,,,A:メロン・白桃系,中庸・バランス系,4,3,4,4,4,4,3,720;1800,false,false,2026-08-20
58830,https://find-sake.me/sake/58830,加賀太鼓 太郎 特別本醸造,かがたいこ たろう とくべつほんじょうぞう,Kagataiko Taro Tokubetsu Honjozo,10003,中村酒造株式会社,Nakamura Shuzo,https://find-sake.me/brewery/10003,https://www.nakamura-shuzou.co.jp/,特別本醸造,五百万石,60,14,8,2,,白山水系,,,火入れ,,,,中庸・バランス系,4,3,3,2,1,5,5,300;720;1800,true,true,2026-08-26
15564,https://find-sake.me/sake/15564,加賀太鼓 辛口生貯蔵酒,かがたいこ からくちなまちょぞうしゅ,Kagataiko Karakuchi Nama Chozoshu,10003,中村酒造株式会社,Nakamura Shuzo,https://find-sake.me/brewery/10003,https://www.nakamura-shuzou.co.jp/,本醸造,五百万石,60,14,7,2,,白山水系,,,生貯蔵酒,,,,,4,3,3,3,1,5,5,300,true,true,2026-08-26
58403,https://find-sake.me/sake/58403,加賀百万石カップ（ひゃくまんさん）,かがひゃくまんごくかっぷ（ひゃくまんさん）,Kaga Hyakumangoku Cup (Hyakumansan),10003,中村酒造株式会社,Nakamura Shuzo,https://find-sake.me/brewery/10003,https://www.nakamura-shuzou.co.jp/,普通酒,五百万石,65,14,4,2,,白山水系,,,火入れ,,,,,3,3,4,2,1,5,5,200,true,true,2026-08-26
22123,https://find-sake.me/sake/22123,加賀纏 純米,かがまとい じゅんまい,Kagamatoi Junmai,10004,株式会社福光屋,Fukumitsuya,https://find-sake.me/brewery/10004,https://www.fukumitsuya.co.jp/,純米,国産米（契約栽培米）,75,14,,,,白山・手取川水系,,,,,,E:穀物・ふくよか系,中庸・バランス系,3,3,4,2,3,3,4,1800,false,false,2026-09-22
59382,https://find-sake.me/sake/59382,加賀纏 純米大吟醸,かがまとい じゅんまいだいぎんじょう,Kagamatoi Junmai Daiginjo,10004,株式会社福光屋,Fukumitsuya,https://find-sake.me/brewery/10004,https://www.fukumitsuya.co.jp/,純米大吟醸,酒造好適米（契約栽培米）,50,15,4,1.4,,白山・手取川水系,,,,,,A:メロン・白桃系,中庸・バランス系,3,3,3,4,3,4,4,300;720;1800,false,false,2026-09-22
30020,https://find-sake.me/sake/30020,加賀纏 純米辛口,かがまとい じゅんまいからくち,Kagamatoi Junmai Karakuchi,10004,株式会社福光屋,Fukumitsuya,https://find-sake.me/brewery/10004,https://www.fukumitsuya.co.jp/,純米,酒造好適米（全量契約栽培米）,65,15,7,1.7,,白山・手取川水系,,,,,,E:穀物・ふくよか系,中庸・バランス系,5,4,3,2,3,5,3,720,false,false,2026-09-22
3115,https://find-sake.me/sake/3115,加賀雪梅 純米大吟醸,かがせつばい じゅんまいだいぎんじょう,Kagasetsubai Junmai Daiginjo,10003,中村酒造株式会社,Nakamura Shuzo,https://find-sake.me/brewery/10003,https://www.nakamura-shuzou.co.jp/,純米大吟醸,五百万石,50,15,-1,1.7,,白山水系,,,火入れ,,,B:青リンゴ・レモン系,爽快・リンゴ酸系,2,3,2,5,3,3,4,300;720,true,true,2026-08-26
13396,https://find-sake.me/sake/13396,加賀雪梅 純米酒,かがせつばい じゅんまいしゅ,Kagasetsubai Junmaishu,10003,中村酒造株式会社,Nakamura Shuzo,https://find-sake.me/brewery/10003,https://www.nakamura-shuzou.co.jp/,純米,五百万石,63,14,1,2,,白山水系,,,火入れ,,,C:バナナ系,,4,3,4,2,2,4,5,180;200;300;720;1800,true,true,2026-09-07
6659,https://find-sake.me/sake/6659,加賀鳶 SHUN,かがとび しゅん,Kagatobi Shun,10004,株式会社福光屋,Fukumitsuya,https://find-sake.me/brewery/10004,https://www.fukumitsuya.co.jp/,純米吟醸,山田錦,55,14,3,1.4,,白山・手取川水系,,,,,,B:青リンゴ・レモン系,,3,3,5,5,4,4,4,720,false,false,2026-08-20
17286,https://find-sake.me/sake/17286,加賀鳶 いかづち オーガニック 山廃仕込 純米大吟醸,かがとび いかづち おーがにっく やまはいじこみ じゅんまいだいぎんじょう,Kagatobi Ikazuchi Organic Yamahai Jikomi Junmai Daiginjo,10004,株式会社福光屋,Fukumitsuya,https://find-sake.me/brewery/10004,https://www.fukumitsuya.co.jp/,純米大吟醸,山田錦,40,15,3.9,1.7,,白山・手取川水系,山廃仕込み,,原酒,,,A:メロン・白桃系,,3,5,5,5,5,4,1,720,false,false,2026-08-20
34363,https://find-sake.me/sake/34363,加賀鳶 いかづち 一閃 純米大吟醸,かがとび いかづち いっせん じゅんまいだいぎんじょう,Kagatobi Ikazuchi Issen Junmai Daiginjo,10004,株式会社福光屋,Fukumitsuya,https://find-sake.me/brewery/10004,https://www.fukumitsuya.co.jp/,純米大吟醸,山田錦,35,15,4.9,1.2,,白山・手取川水系,山廃仕込み,,原酒,,,A:メロン・白桃系,,3,4,5,5,4,5,3,720,false,false,2026-08-20
22498,https://find-sake.me/sake/22498,加賀鳶 いかづち 山廃仕込み 純米大吟醸,かがとび いかづち やまはいじこみ じゅんまいだいぎんじょう,Kagatobi Ikazuchi Yamahai Jikomi Junmai Daiginjo,10004,株式会社福光屋,Fukumitsuya,https://find-sake.me/brewery/10004,https://www.fukumitsuya.co.jp/,純米大吟醸,山田錦,40,16,6,1.3,自社酵母,白山・手取川水系,山廃,,原酒,,,A:メロン・白桃系,,4,4,5,5,5,5,2,720,false,false,2026-08-20
59822,https://find-sake.me/sake/59822,加賀鳶 スパークリング,かがとび すぱーくりんぐ,Kagatobi Sparkling,10004,株式会社福光屋,Fukumitsuya,https://find-sake.me/brewery/10004,https://www.fukumitsuya.co.jp/,清酒（発泡性）,山田錦,50,11,5,1.1,,白山・手取川水系,,,,,true,A:メロン・白桃系,爽快・リンゴ酸系,4,2,2,4,2,4,5,720,false,false,2026-08-20
23674,https://find-sake.me/sake/23674,加賀鳶 勢 純米吟醸 冷やおろし,かがとび せい じゅんまいぎんじょう ひやおろし,Kagatobi Sei Junmai Ginjo Hiyaoroshi,10004,株式会社福光屋,Fukumitsuya,https://find-sake.me/brewery/10004,https://www.fukumitsuya.co.jp/,純米吟醸,酒造好適米（全量契約栽培米）,60,15,5.5,1.4,自社酵母,白山・手取川水系,,,ひやおろし,,,B:青リンゴ・レモン系,中庸・バランス系,4,3,3,4,3,4,4,720,false,false,2026-09-22
27394,https://find-sake.me/sake/27394,加賀鳶 吉風 純米大吟醸,かがとび きっぷう じゅんまいだいぎんじょう,Kagatobi Kippu Junmai Daiginjo,10004,株式会社福光屋,Fukumitsuya,https://find-sake.me/brewery/10004,https://www.fukumitsuya.co.jp/,純米大吟醸,山田錦,50,17,4,1.6,,白山・手取川水系,,,原酒,,,,中庸・バランス系,3,4,5,5,5,4,2,720,false,false,2026-08-30
55983,https://find-sake.me/sake/55983,加賀鳶 夏純米・生,かがとび なつじゅんまい・なま,Kagatobi Natsu Junmai / Nama,10004,株式会社福光屋,Fukumitsuya,https://find-sake.me/brewery/10004,https://www.fukumitsuya.co.jp/,純米酒,フクノハナ100%（兵庫県産）,65,16,5,2.2,,,低温醗酵,しぼりたて,生酒,,,B:青リンゴ・レモン系,,4,5,4,3,3,5,4,720;1800,false,false,2026-09-07
50302,https://find-sake.me/sake/50302,加賀鳶 山廃純米 超辛口,かがとび やまはいじゅんまい ちょうからくち,Kagatobi Yamahai Junmai Chokarakuchi,10004,株式会社福光屋,Fukumitsuya,https://find-sake.me/brewery/10004,https://www.fukumitsuya.co.jp/,純米,,65,16,12,2,,,古典的山廃,,,,,,重厚・乳酸系,5,5,5,2,5,4,1,180;300;720;1800,false,false,2026-08-20
56433,https://find-sake.me/sake/56433,加賀鳶 山廃純米 超辛口 無濾過・生,かがとび やまはいじゅんまい ちょうからくち むろか・なま,Kagatobi Yamahai Junmai Chokarakuchi Muroka / Nama,10004,株式会社福光屋,Fukumitsuya,https://find-sake.me/brewery/10004,https://www.fukumitsuya.co.jp/,純米,,65,,13,,,,山廃,無濾過,生酒,,,,,5,5,5,3,5,5,3,720,false,false,2026-08-20
56470,https://find-sake.me/sake/56470,加賀鳶 山廃純米吟醸 金沢限定,かがとび やまはいじゅんまいぎんじょう かなざわげんてい,Kagatobi Yamahai Junmai Ginjo Kanazawa Gentei,10004,株式会社福光屋,Fukumitsuya,https://find-sake.me/brewery/10004,https://www.fukumitsuya.co.jp/,純米吟醸,山田錦、金紋錦,60,15,3,1.7,自社酵母,白山・手取川水系,山廃,,,,,,,3,4,5,4,4,3,4,300;720,false,false,2026-09-07
56423,https://find-sake.me/sake/56423,加賀鳶 有機純米,かがとび ゆうきじゅんまい,Kagatobi Yuki Junmai,10004,株式会社福光屋,Fukumitsuya,https://find-sake.me/brewery/10004,https://www.fukumitsuya.co.jp/,純米,国産米（全量契約栽培・有機栽培の酒造好適米）,65,14,4,1.5,,白山・手取川水系,,,,,,E:穀物・ふくよか系,中庸・バランス系,4,4,4,2,4,3,4,720,false,false,2026-08-20
52696,https://find-sake.me/sake/52696,加賀鳶 極寒純米 辛口,かがとび ごっかんじゅんまい からくち,Kagatobi Gokkan Junmai Karakuchi,10004,株式会社福光屋,Fukumitsuya,https://find-sake.me/brewery/10004,https://www.fukumitsuya.co.jp/,純米,五百万石、山田錦,65,16,4,1.8,,,,,,,,C:バナナ系,,4,5,4,2,4,5,4,180;200;300;720;1800,false,false,2026-09-07
10997,https://find-sake.me/sake/10997,加賀鳶 純米吟醸,かがとび じゅんまいぎんじょう,Kagatobi Junmai Ginjo,10004,株式会社福光屋,Fukumitsuya,https://find-sake.me/brewery/10004,https://www.fukumitsuya.co.jp/,純米吟醸,山田錦、金紋錦,60,15,4,1.4,自社酵母,白山・手取川水系,,,,,,A:メロン・白桃系,,3,3,4,5,4,3,5,180;300;720;1800,false,false,2026-09-07
52562,https://find-sake.me/sake/52562,加賀鳶 純米吟醸 冷やおろし,かがとび じゅんまいぎんじょう ひやおろし,Kagatobi Junmai Ginjo Hiyaoroshi,10004,株式会社福光屋,Fukumitsuya,https://find-sake.me/brewery/10004,https://www.fukumitsuya.co.jp/,純米吟醸,山田錦、金紋錦,60,16,4,1.5,,白山・手取川水系,,,ひやおろし / 生詰,,,B:青リンゴ・レモン系,中庸・バランス系,3,3,5,4,5,4,3,720;1800,false,false,2026-08-20
10111,https://find-sake.me/sake/10111,加賀鳶 純米吟醸 生原酒,かがとび じゅんまいぎんじょう なまげんしゅ,Kagatobi Junmai Ginjo Nama Genshu,10004,株式会社福光屋,Fukumitsuya,https://find-sake.me/brewery/10004,https://www.fukumitsuya.co.jp/,純米吟醸,国産米（全量酒造好適米）,60,17,6,1.2,,白山・手取川水系,,,生酒、原酒,,,A:メロン・白桃系,中庸・バランス系,3,2,5,5,5,4,3,720,false,false,2026-08-20
27160,https://find-sake.me/sake/27160,加賀鳶 純米大吟醸,かがとび じゅんまいだいぎんじょう,Kagatobi Junmai Daiginjo,10004,株式会社福光屋,Fukumitsuya,https://find-sake.me/brewery/10004,https://www.fukumitsuya.co.jp/,純米大吟醸,山田錦,50,15,4,1.7,,白山・手取川水系,,,,,,A:メロン・白桃系,中庸・バランス系,3,4,4,5,4,4,3,180;300;1800,false,false,2026-09-07
4754,https://find-sake.me/sake/4754,加賀鳶 純米大吟醸 千日囲い 錦絵ラベル,かがとび じゅんまいだいぎんじょう せんにちかこい にしきえらべる,Kagatobi Junmai Daiginjo Sennichi Kakoi Nishikie Label,10004,株式会社福光屋,Fukumitsuya,https://find-sake.me/brewery/10004,https://www.fukumitsuya.co.jp/,純米大吟醸,山田錦,50,17,4,1.6,,,,,古酒,,,D:熟成系,,3,4,5,2,5,4,2,720,false,false,2026-08-20
39841,https://find-sake.me/sake/39841,加賀鳶 純米大吟醸 吉祥,かがとび じゅんまいだいぎんじょう きっしょう,Kagatobi Junmai Daiginjo Kissho,10004,株式会社福光屋,Fukumitsuya,https://find-sake.me/brewery/10004,https://www.fukumitsuya.co.jp/,純米大吟醸,山田錦,40,16,3,1.6,自社酵母,,,,原酒,,,A:メロン・白桃系,,3,4,5,5,5,4,2,720;1800,false,false,2026-08-20
42541,https://find-sake.me/sake/42541,加賀鳶 純米大吟醸 極上原酒,かがとび じゅんまいだいぎんじょう ごくじょうげんしゅ,Kagatobi Junmai Daiginjo Gokujo Genshu,10004,株式会社福光屋,Fukumitsuya,https://find-sake.me/brewery/10004,https://www.fukumitsuya.co.jp/,純米大吟醸,山田錦,50,17,4,1.6,,,,,原酒,,,A:メロン・白桃系,,3,4,5,5,5,4,1,720;1800,false,false,2026-08-20
59090,https://find-sake.me/sake/59090,加賀鳶 純米大吟醸 生原酒 初しぼり,かがとび じゅんまいだいぎんじょう なまげんしゅ はつしぼり,Kagatobi Junmai Daiginjo Nama Genshu Hatsushibori,10004,株式会社福光屋,Fukumitsuya,https://find-sake.me/brewery/10004,https://www.fukumitsuya.co.jp/,純米大吟醸,山田錦,50,16,,,,,,,生酒、原酒,,,B:青リンゴ・レモン系,,3,3,5,5,5,5,4,300,false,false,2026-08-20
36792,https://find-sake.me/sake/36792,加賀鳶 純米大吟醸 藍,かがとび じゅんまいだいぎんじょう あお,Kagatobi Junmai Daiginjo Ao,10004,株式会社福光屋,Fukumitsuya,https://find-sake.me/brewery/10004,https://www.fukumitsuya.co.jp/,純米大吟醸,山田錦,50,15,4,1.4,,,,,,,,A:メロン・白桃系,中庸・バランス系,3,3,5,5,4,3,3,300;720;1800,false,false,2026-08-20
29396,https://find-sake.me/sake/29396,加賀鳶 純米大吟醸 藍 しぼりたて,かがとび じゅんまいだいぎんじょう あお しぼりたて,Kagatobi Junmai Daiginjo Ao Shiboritate,10004,株式会社福光屋,Fukumitsuya,https://find-sake.me/brewery/10004,https://www.fukumitsuya.co.jp/,純米大吟醸,山田錦,50,16,3.7,1.4,,,,中汲み,生酒,,,A:メロン・白桃系,,3,3,5,5,4,4,4,720,false,false,2026-08-20
16897,https://find-sake.me/sake/16897,加賀鳶 純米大吟醸46 百万石乃白,かがとび じゅんまいだいぎんじょう46 ひゃくまんごくのしろ,Kagatobi Junmai Daiginjo 46 Hyakumangoku-no-shiro,10004,株式会社福光屋,Fukumitsuya,https://find-sake.me/brewery/10004,https://www.fukumitsuya.co.jp/,純米大吟醸,百万石乃白,46,15,7,1.2,金沢酵母,百年水,,,原酒,,,,,4,2,2,5,3,5,4,300;720,false,false,2026-08-20
27856,https://find-sake.me/sake/27856,加賀鳶 翔 純米酒,かがとび しょう じゅんまいしゅ,Kagatobi Sho Junmaishu,10004,株式会社福光屋,Fukumitsuya,https://find-sake.me/brewery/10004,https://www.fukumitsuya.co.jp/,純米,山田錦 / 五百万石,65,15,4,1.7,,,,,,,,,,4,4,4,2,4,4,4,720;1800,false,false,2026-09-07
10909,https://find-sake.me/sake/10909,加賀鳶 能登復興応援酒,かがとび のとふっこうおうえんしゅ,Kagatobi Noto Fukko Oenshu,10004,株式会社福光屋,Fukumitsuya,https://find-sake.me/brewery/10004,https://www.fukumitsuya.co.jp/,純米吟醸,山田錦、金紋錦,60,15,4,1.4,,,,,,,,,,3,3,4,4,4,3,4,720,false,false,2026-08-20
9668,https://find-sake.me/sake/9668,加賀鳶 限定蔵出 純米大吟醸 別醸原酒,かがとび げんていくらだし じゅんまいだいぎんじょう べつじょうげんしゅ,Kagatobi Gentei Kuradashi Junmai Daiginjo Betsujo Genshu,10004,株式会社福光屋,Fukumitsuya,https://find-sake.me/brewery/10004,https://www.fukumitsuya.co.jp/,純米大吟醸,山田錦,50,17,4,1.6,,,,,原酒,,,,,3,4,5,5,5,4,2,720,false,false,2026-08-20
58346,https://find-sake.me/sake/58346,加賀鶴 ひゃくまんさん 純米吟醸,かがつる ひゃくまんさん じゅんまいぎんじょう,Kagatsuru Hyakumansan Junmai Ginjo,10005,やちや酒造株式会社,Yachiya Shuzo,https://find-sake.me/brewery/10005,http://www.yachiya-sake.co.jp/,純米吟醸,,55,15,,,,,,,,,,,,2,3,4,4,4,2,4,300,false,false,2026-08-20
63630,https://find-sake.me/sake/63630,加賀鶴 ミニ菰樽,かがつる みにこもだる,Kagatsuru Mini Komodaru,10005,やちや酒造株式会社,Yachiya Shuzo,https://find-sake.me/brewery/10005,http://www.yachiya-sake.co.jp/,純米,五百万石,65,15.3,1,1.6,,,,,,,,,,3,4,5,2,4,3,3,300,false,false,2026-08-20
13581,https://find-sake.me/sake/13581,加賀鶴 利家とまつ 吟醸純米,かがつる としいえとまつ ぎんじょうじゅんまい,Kagatsuru Toshiie to Matsu Ginjo Junmai,10005,やちや酒造株式会社,Yachiya Shuzo,https://find-sake.me/brewery/10005,http://www.yachiya-sake.co.jp/,純米吟醸,五百万石,55,16.2,0,1.5,,,,,,,,A:メロン・白桃系,中庸・バランス系,3,4,3,4,4,3,2,720,false,false,2026-08-20
6318,https://find-sake.me/sake/6318,加賀鶴 前田利家 純米吟醸 ひやおろし,かがつる まえだとしいえ じゅんまいぎんじょう ひやおろし,Kagatsuru Maeda Toshiie Junmai Ginjo Hiyaoroshi,10005,やちや酒造株式会社,Yachiya Shuzo,https://find-sake.me/brewery/10005,http://www.yachiya-sake.co.jp/,純米吟醸,百万石乃白,60,16,0,1.5,金沢酵母,,,,ひやおろし,,,A:メロン・白桃系,中庸・バランス系,3,3,4,4,3,3,4,720,false,false,2026-09-22
12351,https://find-sake.me/sake/12351,加賀鶴 大吟醸 前田利家公,かがつる だいぎんじょう まえだとしいえこう,Kagatsuru Daiginjo Maeda Toshiie Ko,10005,やちや酒造株式会社,Yachiya Shuzo,https://find-sake.me/brewery/10005,http://www.yachiya-sake.co.jp/,大吟醸,山田錦,40,15.5,4,1.5,,,,,,,,A:メロン・白桃系,中庸・バランス系,3,4,3,5,2,5,4,720,false,false,2026-08-20
44658,https://find-sake.me/sake/44658,加賀鶴 大吟醸 特撰,かがつる だいぎんじょう とくせん,Kagatsuru Daiginjo Tokusen,10005,やちや酒造株式会社,Yachiya Shuzo,https://find-sake.me/brewery/10005,http://www.yachiya-sake.co.jp/,大吟醸,山田錦,40,15.5,4,1.5,,,,,,,,A:メロン・白桃系,中庸・バランス系,3,4,2,5,3,5,4,720,false,false,2026-08-20
6288,https://find-sake.me/sake/6288,加賀鶴 山廃純米酒 五年古酒,かがつる やまはいじゅんまいしゅ ごねんこしゅ,Kagatsuru Yamahai Junmaishu Gonen Koshu,10005,やちや酒造株式会社,Yachiya Shuzo,https://find-sake.me/brewery/10005,http://www.yachiya-sake.co.jp/,純米,,,16,,,,,古典的山廃,,熟成古酒,,,D:熟成系,重厚・乳酸系,3,4,5,1,5,1,1,720,false,false,2026-08-20
20728,https://find-sake.me/sake/20728,加賀鶴 本醸造,かがつる ほんじょうぞう,Kagatsuru Honjozo,10005,やちや酒造株式会社,Yachiya Shuzo,https://find-sake.me/brewery/10005,http://www.yachiya-sake.co.jp/,本醸造,,65,15,,,,,,,,,,,,4,3,3,2,3,4,4,180,false,false,2026-09-07
25157,https://find-sake.me/sake/25157,加賀鶴 特別純米酒 前田利家公,かがつる とくべつじゅんまいしゅ まえだとしいえこう,Kagatsuru Tokubetsu Junmaishu Maeda Toshiie Ko,10005,やちや酒造株式会社,Yachiya Shuzo,https://find-sake.me/brewery/10005,http://www.yachiya-sake.co.jp/,特別純米酒,,60,15.5,1,1.5,,,,,,,,C:バナナ系,中庸・バランス系,3,4,4,3,4,2,4,300;720;1800,false,false,2026-08-20
8030,https://find-sake.me/sake/8030,加賀鶴 純米吟醸,かがつる じゅんまいぎんじょう,Kagatsuru Junmai Ginjo,10005,やちや酒造株式会社,Yachiya Shuzo,https://find-sake.me/brewery/10005,http://www.yachiya-sake.co.jp/,純米吟醸,五百万石,55,14.8,3,1.5,,,,,,,,B:青リンゴ・レモン系,中庸・バランス系,5,4,3,4,2,4,4,180,false,false,2026-08-20
57331,https://find-sake.me/sake/57331,加賀鶴 純米吟醸 金沢,かがつる じゅんまいぎんじょう かなざわ,Kagatsuru Junmai Ginjo Kanazawa,10005,やちや酒造株式会社,Yachiya Shuzo,https://find-sake.me/brewery/10005,http://www.yachiya-sake.co.jp/,純米吟醸,五百万石,55,15.3,-1,1.6,,,,,,,,A:メロン・白桃系,中庸・バランス系,2,4,3,4,4,3,3,720;1800,false,false,2026-09-07
18437,https://find-sake.me/sake/18437,加賀鶴 純米大吟醸,かがつる じゅんまいだいぎんじょう,Kagatsuru Junmai Daiginjo,10005,やちや酒造株式会社,Yachiya Shuzo,https://find-sake.me/brewery/10005,http://www.yachiya-sake.co.jp/,純米大吟醸,山田錦,40,14.8,5,1.6,金沢酵母,,,,,,,A:メロン・白桃系,中庸・バランス系,3,4,3,5,3,3,4,300;720,false,false,2026-09-07
2532,https://find-sake.me/sake/2532,加賀鶴 純米生貯蔵酒,かがつる じゅんまいなまちょぞうしゅ,Kagatsuru Junmai Nama Chozoshu,10005,やちや酒造株式会社,Yachiya Shuzo,https://find-sake.me/brewery/10005,http://www.yachiya-sake.co.jp/,純米,五百万石,65,15,0,1.5,,,,,生貯蔵酒,,,B:青リンゴ・レモン系,中庸・バランス系,3,4,4,3,4,3,3,720,false,false,2026-09-22
45355,https://find-sake.me/sake/45355,加賀鶴 純米生酒,かがつる じゅんまいなまざけ,Kagatsuru Junmai Namazake,10005,やちや酒造株式会社,Yachiya Shuzo,https://find-sake.me/brewery/10005,http://www.yachiya-sake.co.jp/,純米,五百万石,60,13.9,0,1.5,,,,,生酒,,,B:青リンゴ・レモン系,中庸・バランス系,3,4,3,4,2,3,4,300,false,false,2026-08-20
63334,https://find-sake.me/sake/63334,加賀鶴 純米酒 上撰,かがつる じゅんまいしゅ じょうせん,Kagatsuru Junmaishu Josen,10005,やちや酒造株式会社,Yachiya Shuzo,https://find-sake.me/brewery/10005,http://www.yachiya-sake.co.jp/,純米酒,五百万石,65,15.3,1,1.6,,,,,,,,D:熟成系,重厚・乳酸系,4,4,4,2,4,3,3,180;300;720;1800,false,false,2026-08-20
33318,https://find-sake.me/sake/33318,加賀鶴 純米酒 石川門,かがつる じゅんまいしゅ いしかわもん,Kagatsuru Junmaishu Ishikawamon,10005,やちや酒造株式会社,Yachiya Shuzo,https://find-sake.me/brewery/10005,http://www.yachiya-sake.co.jp/,純米酒,石川門、五百万石,65,15.5,5,1.4,,,,,,,,,中庸・バランス系,4,4,5,2,5,4,4,720,false,false,2026-08-20
18062,https://find-sake.me/sake/18062,加賀鶴 純金の舞 金箔入純米酒,かがつる じゅんきんのまい きんぱくいりじゅんまいしゅ,Kagatsuru Junkin-no-mai Kinpaku-iri Junmaishu,10005,やちや酒造株式会社,Yachiya Shuzo,https://find-sake.me/brewery/10005,http://www.yachiya-sake.co.jp/,純米酒,五百万石,60,15.3,0,1.5,,白山・手取川水系,,,,,,D:熟成系,中庸・バランス系,3,4,4,2,4,3,3,300;720,false,false,2026-08-20
59377,https://find-sake.me/sake/59377,加賀鶴 超特撰 大吟醸,かがつる ちょうとくせん だいぎんじょう,Kagatsuru Chotokusen Daiginjo,10005,やちや酒造株式会社,Yachiya Shuzo,https://find-sake.me/brewery/10005,http://www.yachiya-sake.co.jp/,大吟醸,山田錦,40,16.6,3,1.5,,,,,,,,A:メロン・白桃系,中庸・バランス系,3,4,4,5,3,5,4,720;1800,false,false,2026-08-20
32069,https://find-sake.me/sake/32069,加賀鶴 辛口なのに旨い酒,かがつる からくちなのにうまいさけ,Kagatsuru Karakuchi nanoni Umai Sake,10005,やちや酒造株式会社,Yachiya Shuzo,https://find-sake.me/brewery/10005,http://www.yachiya-sake.co.jp/,本醸造,五百万石,65,16.5,14,1.6,,,,,,,,,中庸・バランス系,5,4,4,2,2,5,4,720;1800,false,false,2026-09-05
15798,https://find-sake.me/sake/15798,加賀鶴 金沢上撰,かがつる かなざわじょうせん,Kagatsuru Kanazawa Josen,10005,やちや酒造株式会社,Yachiya Shuzo,https://find-sake.me/brewery/10005,http://www.yachiya-sake.co.jp/,上撰,五百万石,60,15.1,3,1.4,,,,,,,,,中庸・バランス系,3,3,3,2,3,4,4,180;300;720;1800,false,false,2026-08-20
41539,https://find-sake.me/sake/41539,加賀鶴 香り純米68号,かがつる かおりじゅんまい68ごう,Kagatsuru Kaori Junmai 68-go,10005,やちや酒造株式会社,Yachiya Shuzo,https://find-sake.me/brewery/10005,http://www.yachiya-sake.co.jp/,純米,百万石乃白,65,15,1,1.6,,,,,,,,,,3,4,3,4,4,3,3,300;720,false,false,2026-09-07
40831,https://find-sake.me/sake/40831,加賀鶴 香り純米酒 ひやおろし,かがつる かおりじゅんまいしゅ ひやおろし,Kagatsuru Kaori Junmaishu Hiyaoroshi,10005,やちや酒造株式会社,Yachiya Shuzo,https://find-sake.me/brewery/10005,http://www.yachiya-sake.co.jp/,純米,百万石乃白（JA金沢市三谷やちや部会の契約栽培米100%）,65,16,0,1.6,,,,,ひやおろし,,,B:青リンゴ・レモン系,中庸・バランス系,3,4,4,4,4,4,3,720,false,false,2026-09-07
64537,https://find-sake.me/sake/64537,十代目 しぼりたて生酒,じゅうだいめ しぼりたてなまざけ,Judaime Shiboritate Namazake,10034,橋本酒造株式会社,Hashimoto Shuzo,https://find-sake.me/brewery/10034,https://judaime.com/,本醸造,,70,18,,,,,,木槽酒袋しぼり,生原酒（要冷蔵）,,,,中庸・バランス系,4,4,3,3,5,4,2,1800,false,false,2026-09-04
62576,https://find-sake.me/sake/62576,十代目 本醸造,じゅうだいめ ほんじょうぞう,Judaime Honjozo,10034,橋本酒造株式会社,Hashimoto Shuzo,https://find-sake.me/brewery/10034,https://judaime.com/,本醸造,,,,,,,,,木槽酒袋しぼり,熟成酒ブレンド,,,D:熟成系,中庸・バランス系,4,3,3,3,3,4,3,1800,false,false,2026-09-04
24994,https://find-sake.me/sake/24994,友白髪 上撰 本醸造,ともしらが じょうせん ほんじょうぞう,Tomoshiraga Josen Honjozo,10006,株式会社金谷酒造店,Kanaya Shuzoten,https://find-sake.me/brewery/10006,https://www.hakusan-takasago.jp/,本醸造酒,酒造好適米,65,15,,,,白山・手取川水系,,,,,,,中庸・バランス系,4,3,3,2,3,4,4,1800,false,false,2026-08-20
13360,https://find-sake.me/sake/13360,友白髪 特別本醸造,ともしらが とくべつほんじょうぞう,Tomoshiraga Tokubetsu Honjozo,10006,株式会社金谷酒造店,Kanaya Shuzoten,https://find-sake.me/brewery/10006,https://www.hakusan-takasago.jp/,特別本醸造,酒造好適米,60,16,,,,白山・手取川水系,,,,,,,中庸・バランス系,4,3,3,2,3,4,3,1800,false,false,2026-08-20
42335,https://find-sake.me/sake/42335,古都のいずみ 純米大吟醸 金沢限定,ことのいずみ じゅんまいだいぎんじょう かなざわげんてい,Koto-no-izumi Junmai Daiginjo Kanazawa Gentei,10002,有限会社武内酒造店,Takeuchi Shuzoten,https://find-sake.me/brewery/10002,,純米大吟醸,山田錦,40,15.5,3,1.5,,白山・手取川水系,,,,,,A:メロン・白桃系,,3,3,4,5,3,4,4,720;1800,false,false,2026-08-20
60371,https://find-sake.me/sake/60371,吉田蔵u Hello & Goodbye,よしだぐらゆー はろー & ぐっどばい,Yoshidagura-u Hello & Goodbye,10010,株式会社吉田酒造店,Yoshida Shuzoten,https://find-sake.me/brewery/10010,https://tedorigawa.com/,,百万石乃白,,13,,,金沢酵母,白山百年水,モダン山廃,,原酒,,true,A:メロン・白桃系,爽快・リンゴ酸系,2,5,4,5,3,5,5,720,false,false,2026-08-20
5552,https://find-sake.me/sake/5552,吉田蔵u Night & Dance 2026,よしだぐらゆー ないと & だんす 2026,Yoshidagura-u Night & Dance 2026,10010,株式会社吉田酒造店,Yoshida Shuzoten,https://find-sake.me/brewery/10010,https://tedorigawa.com/,,百万石乃白,,9,,,金沢酵母,白山百年水,モダン山廃,,低アルコール原酒,,,A:メロン・白桃系,爽快・リンゴ酸系,2,5,4,5,2,5,5,720,false,false,2026-08-20
44250,https://find-sake.me/sake/44250,吉田蔵u Thank you Thank you Thank you,よしだぐらゆー さんく ゆー さんく ゆー さんく ゆー,Yoshidagura-u Thank you Thank you Thank you,10010,株式会社吉田酒造店,Yoshida Shuzoten,https://find-sake.me/brewery/10010,https://tedorigawa.com/,,百万石乃白,39,12,,,自社培養金沢酵母,白山百年水,貴醸酒,,原酒,,,,中庸・バランス系,1,3,4,4,3,3,5,720,false,false,2026-08-20
13796,https://find-sake.me/sake/13796,吉田蔵u レイヤード 巾着,よしだぐらゆー れいやーど きんちゃく,Yoshidagura-u Layered Kinchaku,10010,株式会社吉田酒造店,Yoshida Shuzoten,https://find-sake.me/brewery/10010,https://tedorigawa.com/,,巾着,60,11,,,自社培養酵母,白山・手取川水系,モダン山廃,,原酒、低アル原酒,,true,B:青リンゴ・レモン系,爽快・リンゴ酸系,2,5,4,4,2,4,5,720,false,false,2026-08-30
57797,https://find-sake.me/sake/57797,吉田蔵u レイヤード 石川門,よしだぐらゆー れいやーど いしかわもん,Yoshidagura-u Layered Ishikawamon,10010,株式会社吉田酒造店,Yoshida Shuzoten,https://find-sake.me/brewery/10010,https://tedorigawa.com/,,石川門,60,11,,,金沢酵母,白山・手取川水系,モダン山廃,無濾過,原酒、低アル原酒,,true,B:青リンゴ・レモン系,爽快・リンゴ酸系,2,5,4,4,2,4,5,720,false,false,2026-08-20
23865,https://find-sake.me/sake/23865,吉田蔵u 巾着,よしだぐらゆー きんちゃく,Yoshidagura-u Kinchaku,10010,株式会社吉田酒造店,Yoshida Shuzoten,https://find-sake.me/brewery/10010,https://tedorigawa.com/,山廃純米,巾着,60,12,,,,白山・手取川水系,モダン山廃,,原酒、低アル原酒,,true,A:メロン・白桃系,爽快・リンゴ酸系,2,5,4,4,3,4,5,720,false,false,2026-08-30
11493,https://find-sake.me/sake/11493,吉田蔵u 巾着 エピソード2,よしだぐらゆー きんちゃく えぴそーどつー,Yoshidagura u Kinchaku Episode 2,10010,株式会社吉田酒造店,Yoshida Shuzoten,https://find-sake.me/brewery/10010,https://tedorigawa.com/,,巾着,60,13,,,自社培養金沢酵母,白山・手取川水系,モダン山廃,無濾過,原酒、低アル原酒,,true,A:メロン・白桃系,爽快・リンゴ酸系,2,5,4,4,2,4,5,720,false,false,2026-08-30
36527,https://find-sake.me/sake/36527,吉田蔵u 巾着 生酒,よしだぐらゆー きんちゃく なまざけ,Yoshidagura u Kinchaku Namazake,10010,株式会社吉田酒造店,Yoshida Shuzoten,https://find-sake.me/brewery/10010,https://tedorigawa.com/,,巾着,60,12,,,自社培養金沢酵母,白山・手取川水系,モダン山廃,無濾過,生酒、原酒、低アル原酒,,true,A:メロン・白桃系,爽快・リンゴ酸系,2,5,4,4,2,5,5,720,false,false,2026-08-30
19458,https://find-sake.me/sake/19458,吉田蔵u 巾着 貴醸酒,よしだぐらゆー きんちゃく きじょうしゅ,Yoshidagura u Kinchaku Kijoshu,10010,株式会社吉田酒造店,Yoshida Shuzoten,https://find-sake.me/brewery/10010,https://tedorigawa.com/,,巾着,60,12,,,自社培養金沢酵母,白山・手取川水系,モダン山廃,無濾過,原酒、低アル原酒、貴醸酒,,true,A:メロン・白桃系,爽快・リンゴ酸系,1,5,5,4,3,4,5,720,false,false,2026-08-30
33003,https://find-sake.me/sake/33003,吉田蔵u 百万石乃白,よしだぐらゆー ひゃくまんごくのしろ,Yoshidagura-u Hyakumangoku-no-shiro,10010,株式会社吉田酒造店,Yoshida Shuzoten,https://find-sake.me/brewery/10010,https://tedorigawa.com/,山廃純米,百万石乃白（石川県産）,60,12,,,金沢酵母,,モダン山廃,無濾過,原酒,,,A:メロン・白桃系,,4,5,3,5,2,5,5,720;1800,false,false,2026-08-20
62979,https://find-sake.me/sake/62979,吉田蔵u 百万石乃白 生酒,よしだぐらゆー ひゃくまんごくのしろ なまざけ,Yoshidagura-u Hyakumangoku-no-shiro Namazake,10010,株式会社吉田酒造店,Yoshida Shuzoten,https://find-sake.me/brewery/10010,https://tedorigawa.com/,,百万石乃白,,12,,,金沢酵母,白山・手取川水系,モダン山廃,無濾過,生酒、低アル原酒,,true,C:バナナ系,爽快・リンゴ酸系,2,5,3,5,3,5,5,720;1800,false,false,2026-08-20
42540,https://find-sake.me/sake/42540,吉田蔵u 石川門,よしだぐらゆー いしかわもん,Yoshidagura-u Ishikawamon,10010,株式会社吉田酒造店,Yoshida Shuzoten,https://find-sake.me/brewery/10010,https://tedorigawa.com/,山廃純米,石川門,,12,,,金沢酵母,白山・手取川水系,モダン山廃,無濾過,原酒、低アル原酒,,true,A:メロン・白桃系,爽快・リンゴ酸系,2,5,4,4,3,4,5,720;1800,false,false,2026-08-20
52421,https://find-sake.me/sake/52421,吉田蔵u 石川門 生酒,よしだぐらゆー いしかわもん なまざけ,Yoshidagura-u Ishikawamon Namazake,10010,株式会社吉田酒造店,Yoshida Shuzoten,https://find-sake.me/brewery/10010,https://tedorigawa.com/,山廃純米,石川門,,12,,,金沢酵母,白山・手取川水系,モダン山廃,無濾過,生酒、原酒,,true,,爽快・リンゴ酸系,2,5,4,5,3,5,5,720;1800,false,false,2026-08-20
55908,https://find-sake.me/sake/55908,吉祥 神泉,きっしょう しんせん,Kissho Shinsen,10015,東酒造株式会社,Higashi Shuzo,https://find-sake.me/brewery/10015,http://www.sake-sinsen.co.jp/,本醸造,五百万石,70,15,,,協会7号酵母,白山・手取川水系,四段掛け,,,,,D:熟成系,中庸・バランス系,4,3,4,2,4,2,2,180;720;1800,true,true,2026-08-20
54495,https://find-sake.me/sake/54495,吟醸 北美雪,ぎんじょう きたみゆき,Ginjo Kitamiyuki,10006,株式会社金谷酒造店,Kanaya Shuzoten,https://find-sake.me/brewery/10006,https://www.hakusan-takasago.jp/,吟醸酒,酒造好適米,60,14.5,,,,白山・手取川水系,,,,,,A:メロン・白桃系,中庸・バランス系,3,3,3,4,2,4,5,1800,false,false,2026-08-20
59903,https://find-sake.me/sake/59903,吟醸原酒 銀の月 ひやおろし,ぎんじょうげんしゅ ぎんのつき ひやおろし,Ginjo Genshu Gin-no-tsuki Hiyaoroshi,10002,有限会社武内酒造店,Takeuchi Shuzoten,https://find-sake.me/brewery/10002,,吟醸,石川門,60,20,5,1.8,,,,,ひやおろし、原酒,,,D:熟成系,中庸・バランス系,3,4,5,3,5,4,2,720,false,false,2026-09-05
45416,https://find-sake.me/sake/45416,吟醸生貯蔵酒 野ゝ香,ぎんじょうなまちょぞうしゅ ののか,Ginjo Nama Chozoshu Nonoka,10003,中村酒造株式会社,Nakamura Shuzo,https://find-sake.me/brewery/10003,https://www.nakamura-shuzou.co.jp/,吟醸,国産米,58,14,,,,白山水系,,,生貯蔵酒,,,B:青リンゴ・レモン系,中庸・バランス系,3,3,3,4,2,4,5,720,false,false,2026-09-05
8095,https://find-sake.me/sake/8095,吟醸酒 もろみー（甘口ジューシー）,ぎんじょうしゅ もろみー（あまくちじゅーしー）,Ginjoshu Moromi (Amakuchi Juicy),10014,合同会社西出酒造,Nishide Shuzo,https://find-sake.me/brewery/10014,https://nishidesake.com/,吟醸酒,五百万石,50,15,,,,,,,,,,,中庸・バランス系,2,3,2,3,2,3,4,300,false,false,2026-08-30
27148,https://find-sake.me/sake/27148,吟醸酒 もろみー（甘口で後味はすっきり）,ぎんじょうしゅ もろみー（あまくちであとあじはすっきり）,Ginjoshu Moromi (Amakuchi de Atoaji wa Sukkiri),10014,合同会社西出酒造,Nishide Shuzo,https://find-sake.me/brewery/10014,https://nishidesake.com/,吟醸酒,,50,15,,,,,,,,,,,中庸・バランス系,2,3,2,3,2,4,4,720,false,false,2026-08-20
41001,https://find-sake.me/sake/41001,喜一の生酛 亀の尾88 無濾過加水火入,きいちのきもと かめのお88 むろかかすいひいれ,Kiichi-no-kimoto Kame-no-o 88 Muroka Kasui Hiire,10030,株式会社白藤酒造店,Hakuto Shuzoten,https://find-sake.me/brewery/10030,http://www.hakutousyuzou.jp/,純米,亀の尾（岩手県産）,88,15,5,1.6,K1001,能登水系,生酛,無濾過,一回火入れ（加水）,,,E:穀物・ふくよか系,重厚・乳酸系,4,5,5,2,4,3,3,720;1800,false,false,2026-09-22
55791,https://find-sake.me/sake/55791,夏のにごり酒,なつのにごりざけ,Natsu no Nigorizake,10003,中村酒造株式会社,Nakamura Shuzo,https://find-sake.me/brewery/10003,https://www.nakamura-shuzou.co.jp/,,五百万石,63,15,,,,白山水系,,にごり,,,true,E:穀物・ふくよか系,中庸・バランス系,2,3,4,2,4,4,4,720,false,false,2026-09-05
39396,https://find-sake.me/sake/39396,夢追吟醸 杜夢,ゆめおいぎんじょう とむ,Yumeoi Ginjo Tomu,10027,合名会社中島酒造店,Nakajima Shuzoten,https://find-sake.me/brewery/10027,https://www.notosuehiro.com/,大吟醸,山田錦（兵庫県産）,40,17,,,,,,斗瓶取り,古酒,,,D:熟成系,中庸・バランス系,3,3,4,3,4,3,3,500,false,false,2026-08-30
65292,https://find-sake.me/sake/65292,夢造 能登復興支援特別限定酒 Vol.1,ゆめづくり のとふっこうしえんとくべつげんていしゅ ぼりゅーむ1,Yumezukuri Noto Fukko Shien Tokubetsu Genteishu Vol.1,10033,農口尚彦研究所,Noguchi Naohiko Sake Institute,https://find-sake.me/brewery/10033,https://noguchi-naohiko.co.jp/,,,,18,,,,,古典的山廃,,原酒,,,D:熟成系,重厚・乳酸系,4,5,4,3,4,4,3,720,false,false,2026-08-20
6916,https://find-sake.me/sake/6916,夢造 能登復興支援特別限定酒 Vol.2,ゆめづくり のとふっこうしえんとくべつげんていしゅ ぼりゅーむ2,Yumezukuri Noto Fukko Shien Tokubetsu Genteishu Vol.2,10033,農口尚彦研究所,Noguchi Naohiko Sake Institute,https://find-sake.me/brewery/10033,https://noguchi-naohiko.co.jp/,,,,18,,,,,古典的山廃,,原酒,,,D:熟成系,重厚・乳酸系,2,4,5,5,5,2,2,720,false,false,2026-08-20
15188,https://find-sake.me/sake/15188,夢醸 ORIGIN 純米酒,むじょう おりじん じゅんまいしゅ,Mujo Origin Junmaishu,10017,株式会社宮本酒造店,Miyamoto Shuzoten,https://find-sake.me/brewery/10017,http://www.mujou.co.jp/,純米,五百万石,65,12,-52,7,,白山・手取川水系,,無濾過,低アル原酒,,,,爽快・リンゴ酸系,2,5,2,2,2,2,4,720,false,false,2026-09-22
25644,https://find-sake.me/sake/25644,夢醸 あらばしり 純米生原酒,むじょう あらばしり じゅんまいなまげんしゅ,Mujo Arabashiri Junmai Nama Genshu,10017,株式会社宮本酒造店,Miyamoto Shuzoten,https://find-sake.me/brewery/10017,http://www.mujou.co.jp/,純米,五百万石,65,17,3,2,,白山・手取川水系,,あらばしり、おりがらみ,生酒、原酒,,,E:穀物・ふくよか系,重厚・乳酸系,3,5,5,3,5,4,2,720,false,false,2026-08-20
37137,https://find-sake.me/sake/37137,夢醸 しぼりたて うすにごり 微発泡 純米吟醸生酒,むじょう しぼりたて うすにごり びはっぽう じゅんまいぎんじょうなまざけ,Mujo Shiboritate Usunigori Bihappo Junmai Ginjo Namazake,10017,株式会社宮本酒造店,Miyamoto Shuzoten,https://find-sake.me/brewery/10017,http://www.mujou.co.jp/,純米吟醸,五百万石,55,15,,,,白山・手取川水系,瓶内二次発酵,にごり,生酒,,true,,,2,4,4,5,4,5,4,720,false,false,2026-08-20
36870,https://find-sake.me/sake/36870,夢醸 しぼりたて 純米生原酒,むじょう しぼりたて じゅんまいなまげんしゅ,Mujo Shiboritate Junmai Nama Genshu,10017,株式会社宮本酒造店,Miyamoto Shuzoten,https://find-sake.me/brewery/10017,http://www.mujou.co.jp/,純米,五百万石,65,17,,,,白山・手取川水系,,,生酒、原酒,,,,,3,3,4,3,5,5,2,720;1800,false,false,2026-08-20
24854,https://find-sake.me/sake/24854,夢醸 ひやおろし 純米酒,むじょう ひやおろし じゅんまいしゅ,Mujo Hiyaoroshi Junmaishu,10017,株式会社宮本酒造店,Miyamoto Shuzoten,https://find-sake.me/brewery/10017,http://www.mujou.co.jp/,純米,百万石乃白,60,17,3,2,,,,,ひやおろし,,,D:熟成系,中庸・バランス系,4,5,5,3,5,4,3,720,false,false,2026-08-20
29858,https://find-sake.me/sake/29858,夢醸 先端 純米吟醸酒,むじょう せんたん じゅんまいぎんじょうしゅ,Mujo Sentan Junmai Ginjoshu,10017,株式会社宮本酒造店,Miyamoto Shuzoten,https://find-sake.me/brewery/10017,http://www.mujou.co.jp/,純米吟醸,五百万石,60,15.5,3.5,1.6,,,,,,,,A:メロン・白桃系,中庸・バランス系,3,4,3,5,4,4,4,720,false,false,2026-08-20
48642,https://find-sake.me/sake/48642,夢醸 大吟醸,むじょう だいぎんじょう,Mujo Daiginjo,10017,株式会社宮本酒造店,Miyamoto Shuzoten,https://find-sake.me/brewery/10017,http://www.mujou.co.jp/,大吟醸,山田錦特A,40,15,2,1.9,,,,,,,,A:メロン・白桃系,中庸・バランス系,3,5,2,5,3,5,5,720;1800,false,false,2026-08-20
17673,https://find-sake.me/sake/17673,夢醸 春のうすにごり生酒,むじょう はるのうすにごりなまざけ,Mujo Haru-no-usunigori Namazake,10017,株式会社宮本酒造店,Miyamoto Shuzoten,https://find-sake.me/brewery/10017,http://www.mujou.co.jp/,純米,百万石乃白,60,15,3,1.6,,,,うすにごり,生酒,,true,B:青リンゴ・レモン系,,3,4,2,5,5,5,3,720,false,false,2026-08-20
42499,https://find-sake.me/sake/42499,夢醸 本醸造 無濾過生原酒,むじょう ほんじょうぞう むろかなまげんしゅ,Mujo Honjozo Muroka Nama Genshu,10017,株式会社宮本酒造店,Miyamoto Shuzoten,https://find-sake.me/brewery/10017,http://www.mujou.co.jp/,本醸造,国産米,70,19.5,12,1.7,,白山・手取川水系,,無濾過,生酒、原酒,,,E:穀物・ふくよか系,中庸・バランス系,5,4,4,3,5,5,2,720;1800,false,false,2026-08-20
46895,https://find-sake.me/sake/46895,夢醸 特別純米酒 百万石乃白,むじょう とくべつじゅんまいしゅ ひゃくまんごくのしろ,Mujo Tokubetsu Junmaishu Hyakumangoku-no-shiro,10017,株式会社宮本酒造店,Miyamoto Shuzoten,https://find-sake.me/brewery/10017,http://www.mujou.co.jp/,特別純米酒,百万石乃白,60,15,,,,,,,,,,,,4,4,3,4,3,4,4,720,false,false,2026-08-20
28002,https://find-sake.me/sake/28002,夢醸 特別純米酒 百万石乃白 ひやおろし,むじょう とくべつじゅんまいしゅ ひゃくまんごくのしろ ひやおろし,Mujo Tokubetsu Junmaishu Hyakumangoku-no-shiro Hiyaoroshi,10017,株式会社宮本酒造店,Miyamoto Shuzoten,https://find-sake.me/brewery/10017,http://www.mujou.co.jp/,特別純米,百万石乃白,60,17,3,2,,,,,ひやおろし,,,,,4,4,4,4,5,4,3,720,false,false,2026-08-20
47311,https://find-sake.me/sake/47311,夢醸 特醸,むじょう とくじょう,Mujo Tokujo,10017,株式会社宮本酒造店,Miyamoto Shuzoten,https://find-sake.me/brewery/10017,http://www.mujou.co.jp/,普通酒,国産米,75,,,,,,,,火入れ,,,C:バナナ系,重厚・乳酸系,2,4,4,2,4,4,4,180,false,false,2026-08-20
5129,https://find-sake.me/sake/5129,夢醸 甘口純米酒,むじょう あまくちじゅんまいしゅ,Mujo Amakuchi Junmaishu,10017,株式会社宮本酒造店,Miyamoto Shuzoten,https://find-sake.me/brewery/10017,http://www.mujou.co.jp/,純米,五百万石,60,15,-4.5,2,,,,,,,,,,3,5,2,3,3,4,4,720,false,false,2026-08-20
29669,https://find-sake.me/sake/29669,夢醸 純米吟醸,むじょう じゅんまいぎんじょう,Mujo Junmai Ginjo,10017,株式会社宮本酒造店,Miyamoto Shuzoten,https://find-sake.me/brewery/10017,http://www.mujou.co.jp/,純米吟醸,五百万石,60,15.5,3.5,1.6,,,,,,,,,中庸・バランス系,3,4,4,4,4,4,4,720;1800,false,false,2026-08-20
34099,https://find-sake.me/sake/34099,夢醸 純米吟醸 無濾過生原酒,むじょう じゅんまいぎんじょう むろかなまげんしゅ,Mujo Junmai Ginjo Muroka Nama Genshu,10017,株式会社宮本酒造店,Miyamoto Shuzoten,https://find-sake.me/brewery/10017,http://www.mujou.co.jp/,純米吟醸,五百万石,55,17,4,2.1,,白山・手取川水系,,無濾過,生酒、原酒,,,B:青リンゴ・レモン系,中庸・バランス系,3,5,4,5,5,5,2,720;1800,false,false,2026-09-07
64880,https://find-sake.me/sake/64880,夢醸 純米大吟醸,むじょう じゅんまいだいぎんじょう,Mujo Junmai Daiginjo,10017,株式会社宮本酒造店,Miyamoto Shuzoten,https://find-sake.me/brewery/10017,http://www.mujou.co.jp/,純米大吟醸,五百万石,50,15.5,2,1.6,,,,,,,,A:メロン・白桃系,,3,4,5,4,3,4,4,720;1800,false,false,2026-08-20
40297,https://find-sake.me/sake/40297,夢醸 純米酒,むじょう じゅんまいしゅ,Mujo Junmaishu,10017,株式会社宮本酒造店,Miyamoto Shuzoten,https://find-sake.me/brewery/10017,http://www.mujou.co.jp/,純米酒,五百万石,65,15,4,1.7,,,,,,,,,中庸・バランス系,4,4,5,2,4,4,3,720;1800,false,false,2026-09-07
47775,https://find-sake.me/sake/47775,夢醸 純米酒 無濾過生原酒,むじょう じゅんまいしゅ むろかなまげんしゅ,Mujo Junmaishu Muroka Nama Genshu,10017,株式会社宮本酒造店,Miyamoto Shuzoten,https://find-sake.me/brewery/10017,http://www.mujou.co.jp/,純米酒,五百万石,60,18,3,2.2,,白山・手取川水系,,無濾過,生酒、原酒,,,E:穀物・ふくよか系,重厚・乳酸系,3,5,5,3,5,3,2,720;1800,false,false,2026-08-20
27098,https://find-sake.me/sake/27098,夢醸 金箔入純米生酒,むじょう きんぱくいりじゅんまいなまざけ,Mujo Kinpaku-iri Junmai Namazake,10017,株式会社宮本酒造店,Miyamoto Shuzoten,https://find-sake.me/brewery/10017,http://www.mujou.co.jp/,純米,五百万石（石川県産）,65,15,,,,白山・手取川水系,,,生酒,,,E:穀物・ふくよか系,中庸・バランス系,3,3,4,3,3,4,4,720,false,false,2026-09-22
23938,https://find-sake.me/sake/23938,夢醸 限定純米吟醸 原酒 silver,むじょう げんていじゅんまいぎんじょう げんしゅ しるばー,Mujo Gentei Junmai Ginjo Genshu silver,10017,株式会社宮本酒造店,Miyamoto Shuzoten,https://find-sake.me/brewery/10017,http://www.mujou.co.jp/,純米吟醸,五百万石,55,17,3,1.7,,,,中汲み、無濾過,原酒,,,,中庸・バランス系,3,4,5,4,5,5,4,720,false,false,2026-09-22
11767,https://find-sake.me/sake/11767,夢醸 限定純米大吟醸 原酒 gold,むじょう げんていじゅんまいだいぎんじょう げんしゅ ごーるど,Mujo Gentei Junmai Daiginjo Genshu gold,10017,株式会社宮本酒造店,Miyamoto Shuzoten,https://find-sake.me/brewery/10017,http://www.mujou.co.jp/,純米大吟醸,五百万石,50,15,3.5,1.6,,,,中汲み、無濾過,原酒,,,A:メロン・白桃系,中庸・バランス系,3,4,4,5,4,4,4,720,false,false,2026-09-22
52359,https://find-sake.me/sake/52359,大吟醸 十代目,だいぎんじょう じゅうだいめ,Daiginjo Judaime,10034,橋本酒造株式会社,Hashimoto Shuzo,https://find-sake.me/brewery/10034,https://judaime.com/,大吟醸,山田錦,40,17,,,,,,木槽酒袋しぼり,原酒、熟成大吟醸ブレンド,,,D:熟成系,中庸・バランス系,3,3,3,4,5,3,3,300;720;1800,false,false,2026-09-04
10360,https://find-sake.me/sake/10360,大吟醸 日榮歳盛,だいぎんじょう にちえいさいせい,Daiginjo Nichiei Saisei,10003,中村酒造株式会社,Nakamura Shuzo,https://find-sake.me/brewery/10003,https://www.nakamura-shuzou.co.jp/,大吟醸,山田錦,40,16,-4,1.3,,白山水系,,,火入れ,,,A:メロン・白桃系,,2,3,4,5,3,4,4,720;1800,true,true,2026-08-26
37330,https://find-sake.me/sake/37330,大吟醸 現代の名工,だいぎんじょう げんだいのめいこう,Daiginjo Gendai no Meiko,10034,橋本酒造株式会社,Hashimoto Shuzo,https://find-sake.me/brewery/10034,https://judaime.com/,大吟醸,山田錦,40,16.5,3,,,,,木槽酒袋しぼり,十年熟成,,,D:熟成系,中庸・バランス系,3,3,3,4,4,3,3,720,false,false,2026-09-04
37731,https://find-sake.me/sake/37731,大吟醸 能登國,だいぎんじょう のとくに,Daiginjo Noto Kuni,10027,合名会社中島酒造店,Nakajima Shuzoten,https://find-sake.me/brewery/10027,https://www.notosuehiro.com/,大吟醸,石川門,,17.8,,,,,,,,,,A:メロン・白桃系,中庸・バランス系,3,3,4,4,4,4,3,720,false,false,2026-08-20
49976,https://find-sake.me/sake/49976,大吟醸初代 長三郎 雫 原酒,だいぎんじょうしょだい ちょうざぶろう しずく げんしゅ,Daiginjo Shodai Chozaburo Shizuku Genshu,10017,株式会社宮本酒造店,Miyamoto Shuzoten,https://find-sake.me/brewery/10017,http://www.mujou.co.jp/,大吟醸,山田錦,40,17.5,4,1.5,,,,雫取り,原酒,,,A:メロン・白桃系,中庸・バランス系,3,4,4,5,5,5,4,720;1800,false,false,2026-08-20
12659,https://find-sake.me/sake/12659,大日盛 普通酒 佳撰,だいにちざかり ふつうしゅ かせん,Dainichizakari Futsushu Kasen,10034,橋本酒造株式会社,Hashimoto Shuzo,https://find-sake.me/brewery/10034,https://judaime.com/,普通酒,五百万石,70,15.5,2,1.7,,,,木槽酒袋しぼり（槽しぼり）,,,,,中庸・バランス系,4,4,3,2,3,4,3,1800,false,false,2026-09-04
20808,https://find-sake.me/sake/20808,大日盛 純米酒 加賀の峰,だいにちざかり じゅんまいしゅ かがのみね,Dainichizakari Junmaishu Kaga no Mine,10034,橋本酒造株式会社,Hashimoto Shuzo,https://find-sake.me/brewery/10034,https://judaime.com/,純米酒,五百万石,55,15.5,,,,,,木槽酒袋しぼり,,,,,中庸・バランス系,4,3,4,3,3,4,4,720;1800,false,false,2026-09-04
30043,https://find-sake.me/sake/30043,大江山 ひやおろし金の星,おおえやま ひやおろしきんのほし,Oeyama Hiyaoroshi Kin-no-hoshi,10032,松波酒造株式会社,Matsunami Shuzo,https://find-sake.me/brewery/10032,https://www.o-eyama.com/,純米吟醸,石川県産五百万石、百万石乃白,60,17,4,,,,,,ひやおろし,,,D:熟成系,中庸・バランス系,3,3,4,3,4,3,3,720,false,false,2026-08-20
46823,https://find-sake.me/sake/46823,大江山 大吟醸,おおえやま だいぎんじょう,Oeyama Daiginjo,10032,松波酒造株式会社,Matsunami Shuzo,https://find-sake.me/brewery/10032,https://www.o-eyama.com/,大吟醸,山田錦（兵庫県産100%）,40,17,2,1.8,24号,能登水系,,,原酒,,,A:メロン・白桃系,中庸・バランス系,3,4,3,5,4,4,3,720,false,false,2026-08-20
12811,https://find-sake.me/sake/12811,大江山 復刻版 純米吟醸,おおえやま ふっこくばん じゅんまいぎんじょう,Oeyama Fukkokuban Junmai Ginjo,10032,松波酒造株式会社,Matsunami Shuzo,https://find-sake.me/brewery/10032,https://www.o-eyama.com/,純米吟醸,五百万石（掛米）、百万石乃白（麹米）,60,14.5,5.4,,,,,,,,,A:メロン・白桃系,,3,3,3,4,2,5,5,720;1800,false,false,2026-09-07
19170,https://find-sake.me/sake/19170,大江山 復刻版 純米酒,おおえやま ふっこくばん じゅんまいしゅ,Oeyama Fukkokuban Junmaishu,10032,松波酒造株式会社,Matsunami Shuzo,https://find-sake.me/brewery/10032,https://www.o-eyama.com/,純米酒,兵庫県産山田錦、石川県産五百万石,50,15,0,1.3,協会1401号（泡なし酵母）,能登水系,寒仕込み（和釜甑による手造り）,木槽搾り,火入れ,,,E:穀物・ふくよか系,中庸・バランス系,4,3,3,3,3,4,4,720,false,false,2026-08-20
5295,https://find-sake.me/sake/5295,大江山 本醸造 しぼりたて生酒,おおえやま ほんじょうぞう しぼりたてなまざけ,Oeyama Honjozo Shiboritate Namazake,10032,松波酒造株式会社,Matsunami Shuzo,https://find-sake.me/brewery/10032,https://www.o-eyama.com/,本醸造,石川県産五百万石,68,19,3,1.8,協会7号酵母,能登水系,,木槽搾り（全量槽しぼり）、おり下げ,生原酒,,,E:穀物・ふくよか系,中庸・バランス系,4,4,4,3,5,4,2,1800,false,false,2026-08-20
61888,https://find-sake.me/sake/61888,大江山 本醸造 能登上撰,おおえやま ほんじょうぞう のとじょうせん,Oeyama Honjozo Noto Josen,10032,松波酒造株式会社,Matsunami Shuzo,https://find-sake.me/brewery/10032,https://www.o-eyama.com/,本醸造,石川県産五百万石,68,15.5,3,,協会7号酵母,能登水系,四段仕込み,木槽搾り,火入れ,,,E:穀物・ふくよか系,中庸・バランス系,4,3,3,2,3,4,4,720;1800,false,false,2026-08-20
54871,https://find-sake.me/sake/54871,大江山 純米吟醸 しぼりたて生酒,おおえやま じゅんまいぎんじょう しぼりたてなまざけ,Oeyama Junmai Ginjo Shiboritate Namazake,10032,松波酒造株式会社,Matsunami Shuzo,https://find-sake.me/brewery/10032,https://www.o-eyama.com/,純米吟醸,五百万石（掛米）、百万石乃白（麹米）,50,16,1.3,1.7,金沢酵母,白山・手取川水系,,,生酒,,,A:メロン・白桃系,中庸・バランス系,2,4,3,4,4,5,3,720;1800,false,false,2026-08-20
9021,https://find-sake.me/sake/9021,大江山 純米吟醸 初しぼり,おおえやま じゅんまいぎんじょう はつしぼり,Oeyama Junmai Ginjo Hatsushibori,10032,松波酒造株式会社,Matsunami Shuzo,https://find-sake.me/brewery/10032,https://www.o-eyama.com/,純米吟醸,,60,16,,,,,,,生酒,,true,A:メロン・白桃系,,2,4,5,5,5,5,3,300,false,false,2026-08-20
61902,https://find-sake.me/sake/61902,大江山 純米大吟醸 百万石乃白,おおえやま じゅんまいだいぎんじょう ひゃくまんごくのしろ,Oeyama Junmai Daiginjo Hyakumangoku-no-shiro,10032,松波酒造株式会社,Matsunami Shuzo,https://find-sake.me/brewery/10032,https://www.o-eyama.com/,純米大吟醸,百万石乃白（石川県産100%）,50,16,-2,1.2,18号酵母,能登水系,,,火入れ,,,A:メロン・白桃系,中庸・バランス系,1,2,3,5,3,4,4,720,false,false,2026-08-20
35447,https://find-sake.me/sake/35447,大江山 純米大吟醸 百万石乃白 生原酒68,おおえやま じゅんまいだいぎんじょう ひゃくまんごくのしろ なまげんしゅ68,Oeyama Junmai Daiginjo Hyakumangoku-no-shiro Nama Genshu 68,10032,松波酒造株式会社,Matsunami Shuzo,https://find-sake.me/brewery/10032,https://www.o-eyama.com/,純米大吟醸,百万石乃白（100%使用）,50,16,,,,能登水系,,おりがらみ（ふなしぼり）,生原酒,,true,B:青リンゴ・レモン系,中庸・バランス系,2,2,3,5,5,5,3,720,false,false,2026-08-20
52604,https://find-sake.me/sake/52604,大江山 鬼神 純米吟醸,おおえやま きしん じゅんまいぎんじょう,Oeyama Kishin Junmai Ginjo,10032,松波酒造株式会社,Matsunami Shuzo,https://find-sake.me/brewery/10032,https://www.o-eyama.com/,純米吟醸,山田錦（兵庫県産100%）,50,18,2,,協会1401号,能登水系,,,原酒,,,D:熟成系,中庸・バランス系,3,3,4,3,5,3,2,720;1800,false,false,2026-08-20
14518,https://find-sake.me/sake/14518,大江山×敷嶋 オリジナル再現酒,おおえやま×しきしま おりじなるさいげんしゅ,Oeyama × Shikishima Original Saigenshu,10032,松波酒造株式会社,Matsunami Shuzo,https://find-sake.me/brewery/10032,https://www.o-eyama.com/,純米大吟醸,百万石乃白（石川県産100%）,50,16,-3,,協会1801号,,,,,,,C:バナナ系,中庸・バランス系,1,2,3,5,3,4,4,720,false,false,2026-08-20
12837,https://find-sake.me/sake/12837,大江山×敷嶋 コラボレーション醸造酒,おおえやま×しきしま こらぼれーしょんじょうぞうしゅ,Oeyama × Shikishima Collaboration Jozoshu,10032,松波酒造株式会社,Matsunami Shuzo,https://find-sake.me/brewery/10032,https://www.o-eyama.com/,純米酒,五百万石（掛米・石川県産78%）、山田錦（麹米・石川県産22%）,57,17,5,,金沢酵母,,,,火入れ、原酒,,,E:穀物・ふくよか系,爽快・リンゴ酸系,4,3,4,3,4,4,3,720,false,false,2026-08-20
34288,https://find-sake.me/sake/34288,大江山GO 純米大吟醸 火入れ,おおえやまごー じゅんまいだいぎんじょう ひいれ,Oeyama GO Junmai Daiginjo Hiire,10032,松波酒造株式会社,Matsunami Shuzo,https://find-sake.me/brewery/10032,https://www.o-eyama.com/,純米大吟醸,百万石乃白（石川県産100%）,50,14.5,-2.4,,,,,,火入れ,,,A:メロン・白桃系,,1,3,3,5,3,4,4,180;720,false,false,2026-09-07
54581,https://find-sake.me/sake/54581,大江山GO 純米大吟醸 生原酒,おおえやまごー じゅんまいだいぎんじょう なまげんしゅ,Oeyama GO Junmai Daiginjo Nama Genshu,10032,松波酒造株式会社,Matsunami Shuzo,https://find-sake.me/brewery/10032,https://www.o-eyama.com/,純米大吟醸,百万石乃白,50,16.4,-3.2,1.1,,,,,生原酒,,,A:メロン・白桃系,,1,2,3,5,5,4,2,720,false,false,2026-08-20
34262,https://find-sake.me/sake/34262,天平 七年古酒 天平寺,てんぴょう ななねんこしゅ てんぴょうじ,Tenpyo Nananen Koshu Tenpyoji,10020,合資会社布施酒造店,Fuse Shuzoten,https://find-sake.me/brewery/10020,,特別本醸造,五百万石,60,19,5,,,,,,七年古酒 原酒,,,D:熟成系,,5,4,4,2,5,4,2,500,false,false,2026-08-20
30721,https://find-sake.me/sake/30721,天平 三年古酒 石動山 天平寺,てんぴょう さんねんこしゅ せきどうさん てんぴょうじ,Tenpyo Sannen Koshu Sekidosan Tenpyoji,10020,合資会社布施酒造店,Fuse Shuzoten,https://find-sake.me/brewery/10020,,特別本醸造,五百万石,,19.5,,,,,古典的山廃,,三年古酒,,,D:熟成系,,3,5,5,2,5,4,2,500,false,false,2026-08-20
57138,https://find-sake.me/sake/57138,天平 五年古酒 能登風土記の丘,てんぴょう ごねんこしゅ のとふどきのおか,Tenpyo Gonen Koshu Noto Fudoki-no-oka,10020,合資会社布施酒造店,Fuse Shuzoten,https://find-sake.me/brewery/10020,,本醸造,五百万石,40,19,5,,,能登水系,熟成古酒,,原酒,,,D:熟成系,重厚・乳酸系,3,3,5,1,5,1,1,500,false,false,2026-08-20
21463,https://find-sake.me/sake/21463,天狗舞 COMON 特別純米,てんぐまい こもん とくべつじゅんまい,Tengumai Comon Tokubetsu Junmai,10009,株式会社車多酒造,Shata Shuzo,https://find-sake.me/brewery/10009,https://www.tengumai.co.jp/,特別純米,山田錦,60,15,3,1.6,,白山・手取川水系,,,,,,C:バナナ系,中庸・バランス系,3,4,3,2,3,4,4,720;1800,false,false,2026-08-20
3149,https://find-sake.me/sake/3149,天狗舞 COMON 純米大吟醸,てんぐまい こもん じゅんまいだいぎんじょう,Tengumai Comon Junmai Daiginjo,10009,株式会社車多酒造,Shata Shuzo,https://find-sake.me/brewery/10009,https://www.tengumai.co.jp/,純米大吟醸,百万石乃白,50,15,,,,,,,,,,B:青リンゴ・レモン系,爽快・リンゴ酸系,2,2,2,3,1,4,5,720;1800,false,false,2026-09-07
31619,https://find-sake.me/sake/31619,天狗舞 Sparkling 純米大吟醸 泡影Awakage,てんぐまい すぱーくりんぐ じゅんまいだいぎんじょう あわかげ,Tengumai Sparkling Junmai Daiginjo Awakage,10009,株式会社車多酒造,Shata Shuzo,https://find-sake.me/brewery/10009,https://www.tengumai.co.jp/,純米大吟醸,百万石乃白,50,14,5,1.4,,白山・手取川水系,,,,,true,,爽快・リンゴ酸系,3,4,3,5,3,5,5,700,false,false,2026-08-20
56323,https://find-sake.me/sake/56323,天狗舞 しぼりたて 本醸造生酒,てんぐまい しぼりたて ほんじょうぞうなまざけ,Tengumai Shiboritate Honjozo Namazake,10009,株式会社車多酒造,Shata Shuzo,https://find-sake.me/brewery/10009,https://www.tengumai.co.jp/,本醸造生酒,五百万石等,65,17,5,1.9,自家培養酵母,霊峰白山の伏流水,山廃,しぼりたて,生酒,,,A:メロン・白桃系,重厚・乳酸系,4,5,4,3,4,5,2,720;1800,false,false,2026-08-20
27388,https://find-sake.me/sake/27388,天狗舞 五凛 二十周年記念酒,てんぐまい ごりん にじゅっしゅうねんきねんしゅ,Tengumai Gorin Nijusshunen Kinenshu,10009,株式会社車多酒造,Shata Shuzo,https://find-sake.me/brewery/10009,https://www.tengumai.co.jp/,,白山市産百万石乃白100%,,15,,,,,,,,,,,,3,4,3,3,3,4,4,1800,false,false,2026-08-20
17872,https://find-sake.me/sake/17872,天狗舞 五凛 二十周年記念酒 山廃,てんぐまい ごりん にじゅっしゅうねんきねんしゅ やまはい,Tengumai Gorin Nijusshunen Kinenshu Yamahai,10009,株式会社車多酒造,Shata Shuzo,https://find-sake.me/brewery/10009,https://www.tengumai.co.jp/,,特A地区口吉川産山田錦100%,,15,,,,,山廃,,火入れ,,,,,4,5,5,3,4,4,3,700,false,false,2026-08-20
35006,https://find-sake.me/sake/35006,天狗舞 冬吟 純米吟醸生酒,てんぐまい とうぎん じゅんまいぎんじょうなまざけ,Tengumai Togin Junmai Ginjo Namazake,10009,株式会社車多酒造,Shata Shuzo,https://find-sake.me/brewery/10009,https://www.tengumai.co.jp/,純米吟醸,五百万石,50,16,,,,白山・手取川水系,,にごり,生酒,,,B:青リンゴ・レモン系,爽快・リンゴ酸系,3,4,3,4,3,4,4,720;1800,false,false,2026-09-07
43305,https://find-sake.me/sake/43305,天狗舞 古古酒 純米大吟醸,てんぐまい ここしゅ じゅんまいだいぎんじょう,Tengumai Kokoshu Junmai Daiginjo,10009,株式会社車多酒造,Shata Shuzo,https://find-sake.me/brewery/10009,https://www.tengumai.co.jp/,純米大吟醸,山田錦,35,16,3,1.4,金沢酵母,,,,,,,D:熟成系,,3,3,5,4,5,3,4,720;1800,false,false,2026-08-20
19130,https://find-sake.me/sake/19130,天狗舞 吟こうぶり,てんぐまい ぎんこうぶり,Tengumai Ginkoburi,10009,株式会社車多酒造,Shata Shuzo,https://find-sake.me/brewery/10009,https://www.tengumai.co.jp/,大吟醸,山田錦,35,16,4,1.2,,,,,,,,D:熟成系,,3,3,4,4,3,5,4,720;1800,false,false,2026-08-20
65055,https://find-sake.me/sake/65055,天狗舞 天,てんぐまい たか,Tengumai Taka,10009,株式会社車多酒造,Shata Shuzo,https://find-sake.me/brewery/10009,https://www.tengumai.co.jp/,本醸造,五百万石,65,15,2,1.6,,白山・手取川水系,山廃,,,,,C:バナナ系,中庸・バランス系,4,4,3,2,3,4,4,1800,false,false,2026-08-20
34963,https://find-sake.me/sake/34963,天狗舞 山廃 純米 ひやおろし,てんぐまい やまはい じゅんまい ひやおろし,Tengumai Yamahai Junmai Hiyaoroshi,10009,株式会社車多酒造,Shata Shuzo,https://find-sake.me/brewery/10009,https://www.tengumai.co.jp/,純米酒,五百万石,65,18,3,1.8,,白山・手取川水系,古典的山廃,,ひやおろし、生詰,,,D:熟成系,重厚・乳酸系,4,5,5,3,5,4,2,720;1800,false,false,2026-09-05
26606,https://find-sake.me/sake/26606,天狗舞 山廃 自社田五百万石 2025BY,てんぐまい やまはい じしゃでん ごひゃくまんごく 2025びーわい,Tengumai Yamahai Jishaden Gohyakumangoku 2025BY,10009,株式会社車多酒造,Shata Shuzo,https://find-sake.me/brewery/10009,https://www.tengumai.co.jp/,純米,五百万石（石川県白山市林中地区の自社田産100%）,,16,,,,白山・手取川水系,山廃,,原酒,,,D:熟成系,重厚・乳酸系,4,5,5,2,5,4,2,720,false,false,2026-09-07
22607,https://find-sake.me/sake/22607,天狗舞 山廃仕込純米原酒,てんぐまい やまはいじこみじゅんまいげんしゅ,Tengumai Yamahai Jikomi Junmai Genshu,10009,株式会社車多酒造,Shata Shuzo,https://find-sake.me/brewery/10009,https://www.tengumai.co.jp/,純米,五百万石等,60,18,3,2.2,自家培養酵母,霊峰白山の伏流水,古典的山廃,,生酒、原酒,,,,重厚・乳酸系,4,5,5,3,5,5,1,720;1800,false,false,2026-08-20
13350,https://find-sake.me/sake/13350,天狗舞 山廃仕込純米酒,てんぐまい やまはいじこみじゅんまいしゅ,Tengumai Yamahai Jikomi Junmaishu,10009,株式会社車多酒造,Shata Shuzo,https://find-sake.me/brewery/10009,https://www.tengumai.co.jp/,純米,五百万石,60,16,3,2,,,山廃,,,,,D:熟成系,重厚・乳酸系,4,5,5,2,5,4,2,720;1800,false,false,2026-09-07
42084,https://find-sake.me/sake/42084,天狗舞 山廃仕込純米酒 梅鉢ラベル,てんぐまい やまはいじこみじゅんまいしゅ うめばちらべる,Tengumai Yamahai Jikomi Junmaishu Umebachi Label,10009,株式会社車多酒造,Shata Shuzo,https://find-sake.me/brewery/10009,https://www.tengumai.co.jp/,純米,五百万石,60,16,3,2,,白山・手取川水系,山廃,,,,,D:熟成系,重厚・乳酸系,4,5,5,2,5,4,2,720,false,false,2026-08-30
59837,https://find-sake.me/sake/59837,天狗舞 山廃生搾り,てんぐまい やまはい なましぼり,Tengumai Yamahai Namashibori,10009,株式会社車多酒造,Shata Shuzo,https://find-sake.me/brewery/10009,https://www.tengumai.co.jp/,本醸造,五百万石,60,15,,,,白山・手取川水系,古典的山廃,,生酒,,,,重厚・乳酸系,3,4,4,3,4,5,4,300,false,false,2026-09-06
19336,https://find-sake.me/sake/19336,天狗舞 山廃純米にごり,てんぐまい やまはいじゅんまいにごり,Tengumai Yamahai Junmai Nigori,10009,株式会社車多酒造,Shata Shuzo,https://find-sake.me/brewery/10009,https://www.tengumai.co.jp/,純米酒,,60,13,-20,2,,白山・手取川水系,山廃仕込み,にごり,,,,,重厚・乳酸系,1,5,4,3,5,4,5,720,false,false,2026-08-20
10359,https://find-sake.me/sake/10359,天狗舞 山廃純米大吟醸,てんぐまい やまはい じゅんまいだいぎんじょう,Tengumai Yamahai Junmai Daiginjo,10009,株式会社車多酒造,Shata Shuzo,https://find-sake.me/brewery/10009,https://www.tengumai.co.jp/,純米大吟醸,山田錦,45,16,3,1.6,自家培養酵母,,山廃,,,自家精米,,D:熟成系,重厚・乳酸系,3,5,5,4,5,3,2,720;1800,false,false,2026-09-06
32315,https://find-sake.me/sake/32315,天狗舞 旨醇,てんぐまい うまじゅん,Tengumai Umajun,10009,株式会社車多酒造,Shata Shuzo,https://find-sake.me/brewery/10009,https://www.tengumai.co.jp/,純米,五百万石,60,16,5,1.7,,白山・手取川水系,,,,,,C:バナナ系,中庸・バランス系,4,4,4,2,4,5,3,720;1800,false,false,2026-09-07
12295,https://find-sake.me/sake/12295,天狗舞 有歓伯,てんぐまい ゆうかんぱく,Tengumai Yukanpaku,10009,株式会社車多酒造,Shata Shuzo,https://find-sake.me/brewery/10009,https://www.tengumai.co.jp/,大吟醸,特A地区 山田錦,35,16.6,5,1.3,,,,斗瓶取り,熟成,自家精米,,D:熟成系,中庸・バランス系,3,3,5,4,5,4,4,720;1800,false,false,2026-09-07
16572,https://find-sake.me/sake/16572,天狗舞 涼吟 純米大吟醸,てんぐまい りょうぎん じゅんまいだいぎんじょう,Tengumai Ryogin Junmai Daiginjo,10009,株式会社車多酒造,Shata Shuzo,https://find-sake.me/brewery/10009,https://www.tengumai.co.jp/,純米大吟醸,山田錦,50,16,2,1.5,自家培養酵母,霊峰白山の伏流水,,,夏酒,,,A:メロン・白桃系,,3,4,4,5,4,4,4,720;1800,false,false,2026-08-20
63190,https://find-sake.me/sake/63190,天狗舞 石蔵仕込 山廃仕込純米酒,てんぐまい いしくらじこみ やまはいじこみじゅんまいしゅ,Tengumai Ishikura Jikomi Yamahai Jikomi Junmaishu,10009,株式会社車多酒造,Shata Shuzo,https://find-sake.me/brewery/10009,https://www.tengumai.co.jp/,純米,五百万石,60,,3,1.8,,,古典的山廃,,,,,D:熟成系,重厚・乳酸系,4,4,4,3,4,3,3,720,false,false,2026-08-20
64573,https://find-sake.me/sake/64573,天狗舞 純米吟醸酒 文政六年,てんぐまい じゅんまいぎんじょうしゅ ぶんせいろくねん,Tengumai Junmai Ginjoshu Bunsei Rokunen,10009,株式会社車多酒造,Shata Shuzo,https://find-sake.me/brewery/10009,https://www.tengumai.co.jp/,純米吟醸,五百万石,55,16,3,1.5,,白山・手取川水系,,,,,,C:バナナ系,中庸・バランス系,3,3,3,3,3,4,4,720;1800,false,false,2026-09-07
32889,https://find-sake.me/sake/32889,天狗舞 純米大吟醸 ひやおろし,てんぐまい じゅんまいだいぎんじょう ひやおろし,Tengumai Junmai Daiginjo Hiyaoroshi,10009,株式会社車多酒造,Shata Shuzo,https://find-sake.me/brewery/10009,https://www.tengumai.co.jp/,純米大吟醸,山田錦,50,15,,,,白山・手取川水系,,,ひやおろし,,,A:メロン・白桃系,中庸・バランス系,3,3,4,3,3,4,4,720;1800,false,false,2026-08-30
14416,https://find-sake.me/sake/14416,天狗舞 純米大吟醸50,てんぐまい じゅんまいだいぎんじょう50,Tengumai Junmai Daiginjo 50,10009,株式会社車多酒造,Shata Shuzo,https://find-sake.me/brewery/10009,https://www.tengumai.co.jp/,純米大吟醸,山田錦,50,15,3,1.4,,,,,,,,A:メロン・白桃系,中庸・バランス系,3,3,3,3,3,3,4,720;1800,false,false,2026-09-07
18237,https://find-sake.me/sake/18237,天狗舞 縹 HANADA-LABEL 山廃 純米酒,てんぐまい はなだ やまはい じゅんまいしゅ,Tengumai Hanada Yamahai Junmaishu,10009,株式会社車多酒造,Shata Shuzo,https://find-sake.me/brewery/10009,https://www.tengumai.co.jp/,純米,百万石乃白,60,15,,,,,モダン山廃,,,,,A:メロン・白桃系,中庸・バランス系,3,4,4,3,3,4,4,720,false,false,2026-08-20
55334,https://find-sake.me/sake/55334,天狗舞 舞,てんぐまい まい,Tengumai Mai,10009,株式会社車多酒造,Shata Shuzo,https://find-sake.me/brewery/10009,https://www.tengumai.co.jp/,普通酒,,65,,,,,白山・手取川水系,山廃,,,,,C:バナナ系,中庸・バランス系,4,3,4,2,3,4,4,720;1800,false,false,2026-08-20
17585,https://find-sake.me/sake/17585,天狗舞 超辛 純米酒,てんぐまい ちょうから じゅんまいしゅ,Tengumai Chokara Junmaishu,10009,株式会社車多酒造,Shata Shuzo,https://find-sake.me/brewery/10009,https://www.tengumai.co.jp/,純米酒,五百万石,60,16,11,1.9,自家培養酵母,霊峰白山の伏流水,,,夏酒,,,,,5,5,3,2,4,5,2,720;1800,false,false,2026-09-07
26128,https://find-sake.me/sake/26128,天狗舞 金沢酵母仕込 純米大吟醸,てんぐまい かなざわこうぼじこみ じゅんまいだいぎんじょう,Tengumai Kanazawa Kobo Jikomi Junmai Daiginjo,10009,株式会社車多酒造,Shata Shuzo,https://find-sake.me/brewery/10009,https://www.tengumai.co.jp/,純米大吟醸,山田錦,40,15,,,金沢酵母,白山・手取川水系,,,,,,A:メロン・白桃系,中庸・バランス系,3,2,4,4,3,4,5,720,false,false,2026-08-20
48075,https://find-sake.me/sake/48075,天狗舞 零 REI 火入,てんぐまい れい ひいれ,Tengumai Rei Hiire,10009,株式会社車多酒造,Shata Shuzo,https://find-sake.me/brewery/10009,https://www.tengumai.co.jp/,純米大吟醸,特A地区 山田錦,,16,,,,,山廃,,火入れ,,,D:熟成系,重厚・乳酸系,3,4,4,3,4,4,3,720;1800,false,false,2026-09-07
19472,https://find-sake.me/sake/19472,奥能登の白菊 のとのなつやすみ,おくのとのしらぎく のとのなつやすみ,Okunoto-no-shiragiku Noto-no-natsuyasumi,10030,株式会社白藤酒造店,Hakuto Shuzoten,https://find-sake.me/brewery/10030,http://www.hakutousyuzou.jp/,純米吟醸,五百万石,55,15,-6,1.7,リンゴ酸高生成酵母,能登水系,,,火入れ,,,B:青リンゴ・レモン系,爽快・リンゴ酸系,2,4,4,4,3,4,4,720;1800,false,false,2026-09-07
25868,https://find-sake.me/sake/25868,奥能登の白菊 のとのなつやすみ 番外編,おくのとのしらぎく のとのなつやすみ ばんがいへん,Okunoto-no-shiragiku Noto-no-natsuyasumi Bangaihen,10030,株式会社白藤酒造店,Hakuto Shuzoten,https://find-sake.me/brewery/10030,http://www.hakutousyuzou.jp/,純米吟醸,五百万石,55,15,2,1.4,,能登水系,,,火入れ,,,B:青リンゴ・レモン系,中庸・バランス系,3,3,4,3,3,4,4,720;1800,false,false,2026-09-07
40924,https://find-sake.me/sake/40924,奥能登の白菊 本醸造 能登上撰,おくのとのしらぎく ほんじょうぞう のとじょうせん,Okunoto-no-shiragiku Honjozo Noto Josen,10030,株式会社白藤酒造店,Hakuto Shuzoten,https://find-sake.me/brewery/10030,http://www.hakutousyuzou.jp/,本醸造,五百万石、加工米,65,15,,,,能登水系,,,火入れ,,,,中庸・バランス系,2,2,3,2,3,4,5,720;1800,false,false,2026-09-07
43785,https://find-sake.me/sake/43785,奥能登の白菊 本醸造+,おくのとのしらぎく ほんじょうぞう+,Okunoto-no-shiragiku Honjozo+,10030,株式会社白藤酒造店,Hakuto Shuzoten,https://find-sake.me/brewery/10030,http://www.hakutousyuzou.jp/,本醸造,,65,15,,,,能登水系,,無濾過（滓あり）,一回火入れ,,,,,2,2,3,4,3,2,4,720;1800,false,false,2026-08-20
31038,https://find-sake.me/sake/31038,奥能登の白菊 特別純米 八反錦 無濾過生原酒,おくのとのしらぎく とくべつじゅんまい はったんにしき むろかなまげんしゅ,Okunoto-no-shiragiku Tokubetsu Junmai Hattan Nishiki Muroka Nama Genshu,10030,株式会社白藤酒造店,Hakuto Shuzoten,https://find-sake.me/brewery/10030,http://www.hakutousyuzou.jp/,特別純米酒,八反錦（広島県産100%）,55,17,0,1.7,金沢酵母,能登水系,,無濾過,生原酒（要冷蔵）,,,B:青リンゴ・レモン系,爽快・リンゴ酸系,4,4,3,4,4,5,3,720;1800,false,false,2026-09-07
57783,https://find-sake.me/sake/57783,奥能登の白菊 特別純米原酒 八反錦,おくのとのしらぎく とくべつじゅんまいげんしゅ はったんにしき,Okunoto-no-shiragiku Tokubetsu Junmai Genshu Hattan Nishiki,10030,株式会社白藤酒造店,Hakuto Shuzoten,https://find-sake.me/brewery/10030,http://www.hakutousyuzou.jp/,特別純米酒,八反錦（広島県産100%）,55,17.8,3.5,1.4,金沢酵母,能登水系,,素濾過（炭素濾過なし）,一回火入れ・原酒（無加水、瓶囲い熟成）,,,B:青リンゴ・レモン系,中庸・バランス系,4,3,4,4,4,4,3,720;1800,false,false,2026-09-07
31895,https://find-sake.me/sake/31895,奥能登の白菊 特別純米酒,おくのとのしらぎく とくべつじゅんまいしゅ,Okunoto-no-shiragiku Tokubetsu Junmaishu,10030,株式会社白藤酒造店,Hakuto Shuzoten,https://find-sake.me/brewery/10030,http://www.hakutousyuzou.jp/,特別純米酒,五百万石、山田錦,55,15,,,金沢酵母（令和6年能登半島地震で被災した醪から採取）,能登水系,,,,,,C:バナナ系,中庸・バランス系,3,3,3,3,3,4,4,720;1800,false,false,2026-09-07
572,https://find-sake.me/sake/572,奥能登の白菊 純米吟醸,おくのとのしらぎく じゅんまいぎんじょう,Okunoto-no-shiragiku Junmai Ginjo,10030,株式会社白藤酒造店,Hakuto Shuzoten,https://find-sake.me/brewery/10030,http://www.hakutousyuzou.jp/,純米吟醸,,55,16,-3,,,能登水系,,,,,,A:メロン・白桃系,中庸・バランス系,1,3,4,4,4,2,4,720;1800,false,false,2026-09-07
32105,https://find-sake.me/sake/32105,奥能登の白菊 純米吟醸 原酒,おくのとのしらぎく じゅんまいぎんじょう げんしゅ,Okunoto-no-shiragiku Junmai Ginjo Genshu,10030,株式会社白藤酒造店,Hakuto Shuzoten,https://find-sake.me/brewery/10030,http://www.hakutousyuzou.jp/,純米吟醸,山田錦92%、五百万石8%,55,16.8,2.2,1.4,金沢酵母,能登水系,,おりがらみ（滓あり）,火入れ・原酒（瓶詰め後半年冷蔵貯蔵）,,,B:青リンゴ・レモン系,中庸・バランス系,3,3,4,4,4,3,3,720;1800,false,false,2026-08-20
7372,https://find-sake.me/sake/7372,奥能登の白菊 純米吟醸 百万石乃白,おくのとのしらぎく じゅんまいぎんじょう ひゃくまんごくのしろ,Okunoto-no-shiragiku Junmai Ginjo Hyakumangoku-no-shiro,10030,株式会社白藤酒造店,Hakuto Shuzoten,https://find-sake.me/brewery/10030,http://www.hakutousyuzou.jp/,純米吟醸,百万石乃白,55,15,-2.5,1.5,協会701号,能登水系,,,火入れ,,,B:青リンゴ・レモン系,中庸・バランス系,1,4,3,3,3,3,4,720;1800,false,false,2026-08-20
18666,https://find-sake.me/sake/18666,奥能登の白菊 純米大吟醸,おくのとのしらぎく じゅんまいだいぎんじょう,Okunoto-no-shiragiku Junmai Daiginjo,10030,株式会社白藤酒造店,Hakuto Shuzoten,https://find-sake.me/brewery/10030,http://www.hakutousyuzou.jp/,純米大吟醸,山田錦100%,50,16,,,金沢酵母,能登水系,,,瓶火入れ・瓶貯蔵,扁平精米,,C:バナナ系,,2,2,2,4,2,4,5,720;1800,false,false,2026-08-20
23226,https://find-sake.me/sake/23226,奥能登の白菊 純米大吟醸 無濾過生原酒,おくのとのしらぎく じゅんまいだいぎんじょう むろかなまげんしゅ,Okunoto-no-shiragiku Junmai Daiginjo Muroka Nama Genshu,10030,株式会社白藤酒造店,Hakuto Shuzoten,https://find-sake.me/brewery/10030,http://www.hakutousyuzou.jp/,純米大吟醸,山田錦100%,50,16,,,金沢酵母,能登水系,,無濾過,生原酒（要冷蔵）,,,C:バナナ系,,2,2,4,4,4,3,3,720;1800,false,false,2026-09-07
14306,https://find-sake.me/sake/14306,奥能登の白菊 純米酒 寧音,おくのとのしらぎく じゅんまいしゅ ねね,Okunoto no Shiragiku Junmaishu Nene,10030,株式会社白藤酒造店,Hakuto Shuzoten,https://find-sake.me/brewery/10030,http://www.hakutousyuzou.jp/,純米酒,五百万石80%、山田錦20%,60,13,,,,能登水系,,無濾過,火入れ,,,,中庸・バランス系,3,3,3,3,2,3,5,720;1800,false,false,2026-08-20
18588,https://find-sake.me/sake/18588,奥能登の白菊 純米酒 輪島物語,おくのとのしらぎく じゅんまいしゅ わじまものがたり,Okunoto-no-shiragiku Junmaishu Wajima Monogatari,10030,株式会社白藤酒造店,Hakuto Shuzoten,https://find-sake.me/brewery/10030,http://www.hakutousyuzou.jp/,純米酒,五百万石（輪島市町野・三井産100%）,60,16,2,,金沢酵母,能登水系,,,火入れ（瓶火入れ・瓶貯蔵）,,,D:熟成系,中庸・バランス系,3,3,4,3,3,3,4,720;1800,false,false,2026-08-20
54563,https://find-sake.me/sake/54563,奥能登の白菊 貴醸酒 2025BY,おくのとのしらぎく きじょうしゅ 2025びーわい,Okunoto-no-shiragiku Kijoshu 2025BY,10030,株式会社白藤酒造店,Hakuto Shuzoten,https://find-sake.me/brewery/10030,http://www.hakutousyuzou.jp/,貴醸酒,百万石乃白,60,15,-62,,,能登水系,貴醸酒,,火入れ,,,D:熟成系,重厚・乳酸系,1,3,4,4,5,2,3,500;720,false,false,2026-09-07
63339,https://find-sake.me/sake/63339,奥能登の白菊×奥能登自然栽培米,おくのとのしらぎく×おくのとしぜんさいばいまい,Okunoto-no-shiragiku × Okunoto Shizen Saibaimai,10030,株式会社白藤酒造店,Hakuto Shuzoten,https://find-sake.me/brewery/10030,http://www.hakutousyuzou.jp/,純米,自然栽培米,65,15,1,,協会701号,能登水系,,,火入れ,,,B:青リンゴ・レモン系,爽快・リンゴ酸系,3,3,4,3,3,4,5,720,false,false,2026-08-20
54436,https://find-sake.me/sake/54436,奥能登の白菊×奥能登自然栽培米 無加水原酒,おくのとのしらぎく×おくのとしぜんさいばいまい むかすいげんしゅ,Okunoto-no-shiragiku × Okunoto Shizen Saibaimai Mukasui Genshu,10030,株式会社白藤酒造店,Hakuto Shuzoten,https://find-sake.me/brewery/10030,http://www.hakutousyuzou.jp/,純米,自然栽培米,65,18,,,,能登水系,,,原酒,,,B:青リンゴ・レモン系,中庸・バランス系,3,4,5,3,5,4,2,720,false,false,2026-08-20
12944,https://find-sake.me/sake/12944,宗玄 SILKNOTO 百万石乃白 純米大吟醸,そうげん しるくのと ひゃくまんごくのしろ じゅんまいだいぎんじょう,Sogen Silknoto Hyakumangoku-no-shiro Junmai Daiginjo,10025,宗玄酒造株式会社,Sogen Shuzo,https://find-sake.me/brewery/10025,https://www.sougen-shuzou.com/,純米大吟醸,百万石乃白,50,16,3.5,,,,,,,,,A:メロン・白桃系,,3,3,3,5,2,4,5,720,false,false,2026-08-20
61348,https://find-sake.me/sake/61348,宗玄 しぼりたて生原酒,そうげん しぼりたてなまげんしゅ,Sogen Shiboritate Nama Genshu,10025,宗玄酒造株式会社,Sogen Shuzo,https://find-sake.me/brewery/10025,https://www.sougen-shuzou.com/,普通酒,国産米,65,19,,,,能登水系,四段仕込み（もち米使用）,,生原酒,,true,E:穀物・ふくよか系,中庸・バランス系,2,3,4,3,5,3,2,300;720;1800,false,false,2026-09-07
61917,https://find-sake.me/sake/61917,宗玄 そっ甦,そうげん そっ,Sogen So,10025,宗玄酒造株式会社,Sogen Shuzo,https://find-sake.me/brewery/10025,https://www.sougen-shuzou.com/,純米酒,,55,15,4,,,能登水系,,,火入れ,,,E:穀物・ふくよか系,中庸・バランス系,4,3,3,2,3,3,3,720;1800,false,false,2026-08-20
23656,https://find-sake.me/sake/23656,宗玄 初しぼり純米生原酒 名門酒会,そうげん はつしぼり じゅんまいなまげんしゅ めいもんしゅかい,Sogen Hatsushibori Junmai Nama Genshu Meimonshukai,10025,宗玄酒造株式会社,Sogen Shuzo,https://find-sake.me/brewery/10025,https://www.sougen-shuzou.com/,純米酒,石川門（石川県珠洲産・100%）,65,18,,,,能登水系,,,生原酒,,,,中庸・バランス系,4,3,4,3,5,4,2,720;1800,false,false,2026-08-30
14658,https://find-sake.me/sake/14658,宗玄 剣山,そうげん けんざん,Sogen Kenzan,10025,宗玄酒造株式会社,Sogen Shuzo,https://find-sake.me/brewery/10025,https://www.sougen-shuzou.com/,普通酒,国産米,65,15,0,1.6,,能登水系,,,火入れ,,,D:熟成系,中庸・バランス系,2,3,3,3,3,3,4,180;720;1800,false,false,2026-09-07
54469,https://find-sake.me/sake/54469,宗玄 原酒,そうげん げんしゅ,Sogen Genshu,10025,宗玄酒造株式会社,Sogen Shuzo,https://find-sake.me/brewery/10025,https://www.sougen-shuzou.com/,普通酒,国産米,65,20,5,1.7,,能登水系,,,原酒,,,E:穀物・ふくよか系,中庸・バランス系,4,4,4,2,5,4,2,720;1800,false,false,2026-09-07
51068,https://find-sake.me/sake/51068,宗玄 大吟醸,そうげん だいぎんじょう,Sogen Daiginjo,10025,宗玄酒造株式会社,Sogen Shuzo,https://find-sake.me/brewery/10025,https://www.sougen-shuzou.com/,大吟醸,山田錦（兵庫県特A地区産100%）,35,17,4,1.4,,能登水系,,,火入れ,,,A:メロン・白桃系,中庸・バランス系,3,3,2,5,3,5,4,720;1800,false,false,2026-09-07
29216,https://find-sake.me/sake/29216,宗玄 大吟醸 Samurai King,そうげん だいぎんじょう さむらい きんぐ,Sogen Daiginjo Samurai King,10025,宗玄酒造株式会社,Sogen Shuzo,https://find-sake.me/brewery/10025,https://www.sougen-shuzou.com/,大吟醸,山田錦（兵庫県特A地区産100%）,35,17,,,,能登水系,,,,,,A:メロン・白桃系,中庸・バランス系,3,3,3,4,3,4,4,720;1800,false,false,2026-08-20
25235,https://find-sake.me/sake/25235,宗玄 本醸造 黒峰,そうげん ほんじょうぞう くろみね,Sogen Honjozo Kuromine,10025,宗玄酒造株式会社,Sogen Shuzo,https://find-sake.me/brewery/10025,https://www.sougen-shuzou.com/,本醸造,山田錦（兵庫県産）、五百万石（石川県産）,65,15,4,1.6,,能登水系,,,火入れ,,,C:バナナ系,中庸・バランス系,4,4,3,3,3,4,4,720;1800,false,false,2026-09-07
54574,https://find-sake.me/sake/54574,宗玄 本醸造にごり酒,そうげん ほんじょうぞうにごりざけ,Sogen Honjozo Nigorizake,10025,宗玄酒造株式会社,Sogen Shuzo,https://find-sake.me/brewery/10025,https://www.sougen-shuzou.com/,本醸造,五百万石（石川県産）、もち米,65,15,-6,,,能登水系,四段仕込み,にごり,生酒,,true,C:バナナ系,中庸・バランス系,2,3,4,3,3,4,5,720;1800,false,false,2026-08-20
31973,https://find-sake.me/sake/31973,宗玄 特別本醸造 漲,そうげん とくべつほんじょうぞう ちょう,Sogen Tokubetsu Honjozo Cho,10025,宗玄酒造株式会社,Sogen Shuzo,https://find-sake.me/brewery/10025,https://www.sougen-shuzou.com/,特別本醸造,山田錦（兵庫県産）、五百万石（石川県産）,60,15,2,1.6,金沢酵母,能登水系,,,火入れ,,,A:メロン・白桃系,中庸・バランス系,4,3,4,4,3,4,4,720;1800,false,false,2026-08-30
51467,https://find-sake.me/sake/51467,宗玄 特別純米酒 純粋無垢,そうげん とくべつじゅんまいしゅ じゅんすいむく,Sogen Tokubetsu Junmaishu Junsui Muku,10025,宗玄酒造株式会社,Sogen Shuzo,https://find-sake.me/brewery/10025,https://www.sougen-shuzou.com/,特別純米酒,山田錦,55,15,4,1.7,,能登水系,,,,,,,,4,4,5,3,4,3,4,720;1800,false,false,2026-09-07
51032,https://find-sake.me/sake/51032,宗玄 特別限定雫酒 壺 古古酒大吟醸,そうげん とくべつげんていしずくざけ つぼ ここしゅだいぎんじょう,Sogen Tokubetsu Gentei Shizukuzake Tsubo Kokoshu Daiginjo,10025,宗玄酒造株式会社,Sogen Shuzo,https://find-sake.me/brewery/10025,https://www.sougen-shuzou.com/,大吟醸,山田錦（兵庫県特A地区産100%）,35,17,,,,能登水系,,中取り,古酒,,,D:熟成系,中庸・バランス系,3,3,4,3,4,2,3,720;1800,false,false,2026-08-20
53571,https://find-sake.me/sake/53571,宗玄 特撰 本醸造,そうげん とくせん ほんじょうぞう,Sogen Tokusen Honjozo,10025,宗玄酒造株式会社,Sogen Shuzo,https://find-sake.me/brewery/10025,https://www.sougen-shuzou.com/,本醸造,国産米,60,16,1.5,,,能登水系,,,火入れ,,,C:バナナ系,中庸・バランス系,3,3,3,3,3,4,4,1800,false,false,2026-08-20
19379,https://find-sake.me/sake/19379,宗玄 生貯蔵酒,そうげん なまちょぞうしゅ,Sogen Nama Chozoshu,10025,宗玄酒造株式会社,Sogen Shuzo,https://find-sake.me/brewery/10025,https://www.sougen-shuzou.com/,,国産米,60,14,,,,能登水系,,,生貯蔵酒,,,C:バナナ系,中庸・バランス系,3,3,3,3,2,4,5,180;300,false,false,2026-08-20
53513,https://find-sake.me/sake/53513,宗玄 生酛純米 原酒,そうげん きもとじゅんまい げんしゅ,Sogen Kimoto Junmai Genshu,10025,宗玄酒造株式会社,Sogen Shuzo,https://find-sake.me/brewery/10025,https://www.sougen-shuzou.com/,純米酒,山田錦（兵庫県産100%）,65,18,-1,,,能登水系,生酛,,原酒,,,D:熟成系,重厚・乳酸系,3,4,5,2,5,2,2,1800,false,false,2026-08-20
26336,https://find-sake.me/sake/26336,宗玄 純米 能登乃国,そうげん じゅんまい のとのくに,Sogen Junmai Noto-no-kuni,10025,宗玄酒造株式会社,Sogen Shuzo,https://find-sake.me/brewery/10025,https://www.sougen-shuzou.com/,純米酒,山田錦,65,15,,,金沢酵母,,,,,,,,,4,3,5,4,4,3,5,300;720,false,false,2026-08-20
30907,https://find-sake.me/sake/30907,宗玄 純米八反錦 無濾過生原酒,そうげん じゅんまいはったんにしき むろかなまげんしゅ,Sogen Junmai Hattan Nishiki Muroka Nama Genshu,10025,宗玄酒造株式会社,Sogen Shuzo,https://find-sake.me/brewery/10025,https://www.sougen-shuzou.com/,純米酒,八反錦（広島県産100%）,55,17,3.8,1.7,金沢酵母,能登水系,,無濾過,生原酒,,,C:バナナ系,中庸・バランス系,4,4,4,4,4,4,3,720;1800,false,false,2026-09-07
42147,https://find-sake.me/sake/42147,宗玄 純米八反錦ひやおろし,そうげん じゅんまいはったんにしきひやおろし,Sogen Junmai Hattan Nishiki Hiyaoroshi,10025,宗玄酒造株式会社,Sogen Shuzo,https://find-sake.me/brewery/10025,https://www.sougen-shuzou.com/,純米酒,八反錦（広島県産100%）,55,17,3.5,,,能登水系,,,ひやおろし,,,C:バナナ系,中庸・バランス系,4,3,4,3,4,4,3,720,false,false,2026-08-20
33570,https://find-sake.me/sake/33570,宗玄 純米八反錦ひやおろし原酒 名門酒会,そうげん じゅんまいはったんにしき ひやおろしげんしゅ めいもんしゅかい,Sogen Junmai Hattan Nishiki Hiyaoroshi Genshu Meimonshukai,10025,宗玄酒造株式会社,Sogen Shuzo,https://find-sake.me/brewery/10025,https://www.sougen-shuzou.com/,純米酒,八反錦（広島県産100%）,55,17,,,,能登水系,,,ひやおろし、原酒,,,D:熟成系,中庸・バランス系,4,3,5,2,4,4,3,720;1800,false,false,2026-09-07
30909,https://find-sake.me/sake/30909,宗玄 純米吟醸,そうげん じゅんまいぎんじょう,Sogen Junmai Ginjo,10025,宗玄酒造株式会社,Sogen Shuzo,https://find-sake.me/brewery/10025,https://www.sougen-shuzou.com/,純米吟醸,山田錦（兵庫県産100%）,55,16,3,1.6,,能登水系,,,火入れ,,,A:メロン・白桃系,中庸・バランス系,3,4,4,4,4,4,3,720;1800,false,false,2026-08-20
53954,https://find-sake.me/sake/53954,宗玄 純米吟醸 OMACHI,そうげん じゅんまいぎんじょう おまち,Sogen Junmai Ginjo Omachi,10025,宗玄酒造株式会社,Sogen Shuzo,https://find-sake.me/brewery/10025,https://www.sougen-shuzou.com/,純米吟醸,雄町（岡山県赤磐産100%）,55,16,,,,能登水系,,,,,,,中庸・バランス系,3,3,5,3,4,3,3,720,false,false,2026-08-30
12653,https://find-sake.me/sake/12653,宗玄 純米吟醸 無濾過生原酒,そうげん じゅんまいぎんじょう むろかなまげんしゅ,Sogen Junmai Ginjo Muroka Nama Genshu,10025,宗玄酒造株式会社,Sogen Shuzo,https://find-sake.me/brewery/10025,https://www.sougen-shuzou.com/,純米吟醸,山田錦（兵庫県産100%）,55,16,4,1.6,,能登水系,,無濾過,生原酒,,,A:メロン・白桃系,中庸・バランス系,3,4,5,5,5,4,2,720;1800,false,false,2026-09-07
52254,https://find-sake.me/sake/52254,宗玄 純米吟醸 絹織,そうげん じゅんまいぎんじょう きおり,Sogen Junmai Ginjo Kiori,10025,宗玄酒造株式会社,Sogen Shuzo,https://find-sake.me/brewery/10025,https://www.sougen-shuzou.com/,純米吟醸,百万石乃白（石川県産・奥能登産100%）,55,16,3,,石川県産酵母,能登水系,,,火入れ,,,A:メロン・白桃系,中庸・バランス系,3,3,3,4,3,4,4,720,false,false,2026-08-20
23484,https://find-sake.me/sake/23484,宗玄 純米吟醸酒 Samurai Princess,そうげん じゅんまいぎんじょうしゅ さむらい ぷりんせす,Sogen Junmai Ginjoshu Samurai Princess,10025,宗玄酒造株式会社,Sogen Shuzo,https://find-sake.me/brewery/10025,https://www.sougen-shuzou.com/,純米吟醸,山田錦（兵庫県特A地区産100%）,53,16,,,,能登水系,,,火入れ,,,A:メロン・白桃系,中庸・バランス系,3,3,4,3,3,3,4,720;1800,false,false,2026-08-20
22303,https://find-sake.me/sake/22303,宗玄 純米大吟醸 Samurai Queen,そうげん じゅんまいだいぎんじょう さむらい くいーん,Sogen Junmai Daiginjo Samurai Queen,10025,宗玄酒造株式会社,Sogen Shuzo,https://find-sake.me/brewery/10025,https://www.sougen-shuzou.com/,純米大吟醸,山田錦（兵庫県特A地区産100%）,40,16,3,,,能登水系,,,火入れ,,,A:メロン・白桃系,中庸・バランス系,3,4,4,3,4,4,3,720;1800,false,false,2026-09-07
8929,https://find-sake.me/sake/8929,宗玄 純米大吟醸 玄心,そうげん じゅんまいだいぎんじょう げんしん,Sogen Junmai Daiginjo Genshin,10025,宗玄酒造株式会社,Sogen Shuzo,https://find-sake.me/brewery/10025,https://www.sougen-shuzou.com/,純米大吟醸,山田錦,50,16,3,1.5,金沢酵母,能登水系,,,,,,,,3,3,5,5,4,3,5,720;1800,false,false,2026-08-20
52240,https://find-sake.me/sake/52240,宗玄 純米大吟醸 絹織,そうげん じゅんまいだいぎんじょう きおり,Sogen Junmai Daiginjo Kiori,10025,宗玄酒造株式会社,Sogen Shuzo,https://find-sake.me/brewery/10025,https://www.sougen-shuzou.com/,純米大吟醸,百万石乃白（石川県産・奥能登産100%）,50,16,4,,石川県産酵母,能登水系,,,火入れ,,,A:メロン・白桃系,中庸・バランス系,3,3,4,5,4,4,3,720,false,false,2026-08-20
31457,https://find-sake.me/sake/31457,宗玄 純米山田錦 にごり生原酒,そうげん じゅんまいやまだにしき にごりなまげんしゅ,Sogen Junmai Yamada Nishiki Nigori Nama Genshu,10025,宗玄酒造株式会社,Sogen Shuzo,https://find-sake.me/brewery/10025,https://www.sougen-shuzou.com/,純米酒,山田錦（兵庫県産100%）,55,18,,,,能登水系,,にごり,生原酒,,true,C:バナナ系,中庸・バランス系,3,4,5,3,5,3,2,1800,false,false,2026-08-20
48043,https://find-sake.me/sake/48043,宗玄 純米山田錦 無濾過生原酒,そうげん じゅんまいやまだにしき むろかなまげんしゅ,Sogen Junmai Yamada Nishiki Muroka Nama Genshu,10025,宗玄酒造株式会社,Sogen Shuzo,https://find-sake.me/brewery/10025,https://www.sougen-shuzou.com/,純米酒,山田錦（兵庫県特A地区産100%）,55,17,3.5,1.7,金沢酵母,能登水系,,無濾過,生原酒,,,C:バナナ系,中庸・バランス系,4,3,5,4,5,4,3,720;1800,false,false,2026-09-07
25108,https://find-sake.me/sake/25108,宗玄 純米石川門,そうげん じゅんまい いしかわもん,Sogen Junmai Ishikawamon,10025,宗玄酒造株式会社,Sogen Shuzo,https://find-sake.me/brewery/10025,https://www.sougen-shuzou.com/,純米酒,石川門（石川県奥能登産100%）,65,15,,,,能登水系,,,,,,,,3,3,4,2,4,3,4,720,false,false,2026-09-06
57458,https://find-sake.me/sake/57458,宗玄 純米石川門 無濾過生原酒,そうげん じゅんまいいしかわもん むろかなまげんしゅ,Sogen Junmai Ishikawamon Muroka Nama Genshu,10025,宗玄酒造株式会社,Sogen Shuzo,https://find-sake.me/brewery/10025,https://www.sougen-shuzou.com/,純米酒,石川門,65,18,3,1.7,,能登水系,,無濾過,生原酒,,,,中庸・バランス系,3,3,5,3,5,4,2,720,false,false,2026-08-20
12030,https://find-sake.me/sake/12030,宗玄 純米石川門ひやおろし,そうげん じゅんまい いしかわもん ひやおろし,Sogen Junmai Ishikawamon Hiyaoroshi,10025,宗玄酒造株式会社,Sogen Shuzo,https://find-sake.me/brewery/10025,https://www.sougen-shuzou.com/,純米酒,石川門（石川県奥能登産100%）,65,18,4,,,能登水系,,,ひやおろし、原酒,,,D:熟成系,中庸・バランス系,4,3,5,3,5,4,3,720;1800,false,false,2026-09-06
6497,https://find-sake.me/sake/6497,宗玄 純米酒 Samurai Prince,そうげん じゅんまいしゅ さむらい ぷりんす,Sogen Junmaishu Samurai Prince,10025,宗玄酒造株式会社,Sogen Shuzo,https://find-sake.me/brewery/10025,https://www.sougen-shuzou.com/,純米酒,山田錦（兵庫県特A地区産100%）,55,15,4,1.4,,能登水系,,,火入れ,,,C:バナナ系,中庸・バランス系,4,3,4,3,4,4,3,720;1800,false,false,2026-08-20
5413,https://find-sake.me/sake/5413,宗玄 純米雄町 無濾過生原酒,そうげん じゅんまいおまち むろかなまげんしゅ,Sogen Junmai Omachi Muroka Nama Genshu,10025,宗玄酒造株式会社,Sogen Shuzo,https://find-sake.me/brewery/10025,https://www.sougen-shuzou.com/,純米酒,雄町（岡山県赤磐産100%）,55,17,4,1.7,,能登水系,,無濾過,生原酒,,,C:バナナ系,中庸・バランス系,4,4,5,3,5,3,2,720;1800,false,false,2026-08-20
349,https://find-sake.me/sake/349,宗玄 能登乃国 旨口,そうげん のとのくに うまくち,Sogen Noto-no-kuni Umakuchi,10025,宗玄酒造株式会社,Sogen Shuzo,https://find-sake.me/brewery/10025,https://www.sougen-shuzou.com/,普通酒,国産米,65,15,,,,能登水系,,,,,,E:穀物・ふくよか系,中庸・バランス系,3,3,3,2,2,4,4,300,false,false,2026-08-30
59605,https://find-sake.me/sake/59605,宗玄 見附島,そうげん みつけじま,Sogen Mitsukejima,10025,宗玄酒造株式会社,Sogen Shuzo,https://find-sake.me/brewery/10025,https://www.sougen-shuzou.com/,普通酒,五百万石、能登ひかり,65,15,4,1.6,,能登水系,,,火入れ,,,C:バナナ系,中庸・バランス系,4,4,3,2,3,4,4,720;1800,false,false,2026-09-07
59369,https://find-sake.me/sake/59369,客人 純米酒,まれびと じゅんまいしゅ,Marebito Junmaishu,10003,中村酒造株式会社,Nakamura Shuzo,https://find-sake.me/brewery/10003,https://www.nakamura-shuzou.co.jp/,純米酒,コシヒカリ（神子原米）,65,17,-2,2.1,日本酒酵母＋ワイン酵母,白山水系,,,,,,C:バナナ系,中庸・バランス系,1,3,4,3,4,2,2,720,true,true,2026-08-26
56208,https://find-sake.me/sake/56208,山廃秘蔵酒 宝養老 1988年醸造,やまはいひぞうしゅ ほうようろう 1988ねんじょうぞう,Yamahai Hizoshu Hoyoro 1988 Nen Jozo,10006,株式会社金谷酒造店,Kanaya Shuzoten,https://find-sake.me/brewery/10006,https://www.hakusan-takasago.jp/,本醸造酒,酒造好適米,70,19,,,,白山・手取川水系,古典的山廃,,原酒,,,D:熟成系,重厚・乳酸系,4,4,5,4,5,4,2,720,false,false,2026-08-20
47307,https://find-sake.me/sake/47307,常きげん ひやおろし 純米生詰,じょうきげん ひやおろし じゅんまいなまづめ,Jokigen Hiyaoroshi Junmai Namazume,10012,鹿野酒造株式会社,Kano Shuzo,https://find-sake.me/brewery/10012,https://www.jokigen.co.jp/,純米酒,五百万石,60,17,,,協会7号系酵母,白山・手取川水系,,,ひやおろし、生詰,,,D:熟成系,中庸・バランス系,3,3,5,3,4,4,3,720;1800,false,false,2026-09-05
44091,https://find-sake.me/sake/44091,常きげん 五割磨 純米大吟醸 無濾過生原酒,じょうきげん ごわりみがき じゅんまいだいぎんじょう むろかなまげんしゅ,Jokigen Gowarimigaki Junmai Daiginjo Muroka Nama Genshu,10012,鹿野酒造株式会社,Kano Shuzo,https://find-sake.me/brewery/10012,https://www.jokigen.co.jp/,純米大吟醸,山田錦,50,17,,,金沢酵母,,,無濾過,生原酒,,,A:メロン・白桃系,,2,3,5,5,5,5,3,720,false,false,2026-08-20
38490,https://find-sake.me/sake/38490,常きげん 友禅大吟醸,じょうきげん ゆうぜんだいぎんじょう,Jokigen Yuzen Daiginjo,10012,鹿野酒造株式会社,Kano Shuzo,https://find-sake.me/brewery/10012,https://www.jokigen.co.jp/,大吟醸,山田錦,50,15,4,,,白山・手取川水系,,,,,,A:メロン・白桃系,中庸・バランス系,3,3,4,4,3,4,4,300;720,false,false,2026-08-30
27014,https://find-sake.me/sake/27014,常きげん 吟醸 雷神,じょうきげん ぎんじょう らいじん,Jokigen Ginjo Raijin,10012,鹿野酒造株式会社,Kano Shuzo,https://find-sake.me/brewery/10012,https://www.jokigen.co.jp/,吟醸,山田錦,55,16,3,1.2,,白山・手取川水系,,,,,,A:メロン・白桃系,中庸・バランス系,3,2,3,4,3,4,4,720;1800,false,false,2026-08-20
43527,https://find-sake.me/sake/43527,常きげん 吟醸生貯蔵酒,じょうきげん ぎんじょうなまちょぞうしゅ,Jokigen Ginjo Nama Chozoshu,10012,鹿野酒造株式会社,Kano Shuzo,https://find-sake.me/brewery/10012,https://www.jokigen.co.jp/,吟醸,,55,15,,,,白山・手取川水系,,,生貯蔵酒,,,B:青リンゴ・レモン系,爽快・リンゴ酸系,3,4,3,4,3,5,4,300,false,false,2026-08-20
18747,https://find-sake.me/sake/18747,常きげん 大吟醸 中汲み斗瓶囲い,じょうきげん だいぎんじょう なかぐみとびんかこい,Jokigen Daiginjo Nakagumi Tobin-kakoi,10012,鹿野酒造株式会社,Kano Shuzo,https://find-sake.me/brewery/10012,https://www.jokigen.co.jp/,大吟醸,山田錦,40,16.5,3,1.2,,白山・手取川水系,,中取り、斗瓶囲い,,,,A:メロン・白桃系,爽快・リンゴ酸系,3,2,2,5,2,4,5,720;1800,false,false,2026-08-20
14546,https://find-sake.me/sake/14546,常きげん 大吟醸古酒 常,じょうきげん だいぎんじょうこしゅ じょう,Jokigen Daiginjo Koshu Jo,10012,鹿野酒造株式会社,Kano Shuzo,https://find-sake.me/brewery/10012,https://www.jokigen.co.jp/,大吟醸,山田錦,35,17.5,,,,,,,熟成,,,D:熟成系,中庸・バランス系,3,3,5,4,5,3,3,720;1800,false,false,2026-09-07
61630,https://find-sake.me/sake/61630,常きげん 山廃仕込純米酒,じょうきげん やまはいじこみじゅんまいしゅ,Jokigen Yamahai Jikomi Junmaishu,10012,鹿野酒造株式会社,Kano Shuzo,https://find-sake.me/brewery/10012,https://www.jokigen.co.jp/,純米酒,五百万石,65,16,3,1.8,協会7号酵母,白山・手取川水系,山廃,,,,,D:熟成系,重厚・乳酸系,4,5,4,2,4,4,3,720;1800,false,false,2026-09-07
17827,https://find-sake.me/sake/17827,常きげん 山廃吟醸,じょうきげん やまはいぎんじょう,Jokigen Yamahai Ginjo,10012,鹿野酒造株式会社,Kano Shuzo,https://find-sake.me/brewery/10012,https://www.jokigen.co.jp/,吟醸,山田錦,55,16,6,1.4,,白山・手取川水系,山廃,,,,,B:青リンゴ・レモン系,重厚・乳酸系,4,4,4,4,4,5,4,720;1800,false,false,2026-08-20
11495,https://find-sake.me/sake/11495,常きげん 山廃大吟醸古酒 如,じょうきげん やまはいだいぎんじょうこしゅ ごとし,Jokigen Yamahai Daiginjo Koshu Gotoshi,10012,鹿野酒造株式会社,Kano Shuzo,https://find-sake.me/brewery/10012,https://www.jokigen.co.jp/,大吟醸,山田錦,40,17.5,5,1.4,,白山水系,山廃仕込み,,5年熟成古酒,,,D:熟成系,重厚・乳酸系,3,3,5,3,4,5,3,720;1800,false,false,2026-09-07
55871,https://find-sake.me/sake/55871,常きげん 山廃純米 無濾過生原酒,じょうきげん やまはいじゅんまい むろかせいげんしゅ,Jokigen Yamahai Junmai Muroka Namagenshu,10012,鹿野酒造株式会社,Kano Shuzo,https://find-sake.me/brewery/10012,https://www.jokigen.co.jp/,純米,,,,,,,白山・手取川水系,山廃,無濾過,生原酒,,,D:熟成系,重厚・乳酸系,3,4,5,3,5,4,3,720;1800,false,false,2026-09-07
1014,https://find-sake.me/sake/1014,常きげん 山廃純米 生原酒 おりがらみ,じょうきげん やまはいじゅんまい なまげんしゅ おりがらみ,Jokigen Yamahai Junmai Namagenshu Origarami,10012,鹿野酒造株式会社,Kano Shuzo,https://find-sake.me/brewery/10012,https://www.jokigen.co.jp/,純米,五百万石,65,18,3,,,白山・手取川水系,山廃,おりがらみ,生原酒,,,D:熟成系,重厚・乳酸系,3,5,5,3,5,4,3,720,false,false,2026-08-30
53815,https://find-sake.me/sake/53815,常きげん 山廃純米原酒 秋あがり 豊純,じょうきげん やまはいじゅんまいげんしゅ あきあがり ほうじゅん,Jokigen Yamahai Junmai Genshu Akiagari Hojun,10012,鹿野酒造株式会社,Kano Shuzo,https://find-sake.me/brewery/10012,https://www.jokigen.co.jp/,純米,五百万石,65,18,4,,,白山・手取川水系,山廃,,原酒 / 秋あがり（半年熟成・要冷蔵）,,,A:メロン・白桃系,重厚・乳酸系,4,4,5,2,5,4,2,720;1800,false,false,2026-09-22
6311,https://find-sake.me/sake/6311,常きげん 山廃純米吟醸,じょうきげん やまはいじゅんまいぎんじょう,Jokigen Yamahai Junmai Ginjo,10012,鹿野酒造株式会社,Kano Shuzo,https://find-sake.me/brewery/10012,https://www.jokigen.co.jp/,純米吟醸,山田錦、美山錦,55,16,3,1.6,,白山・手取川水系,山廃,,,,,A:メロン・白桃系,重厚・乳酸系,3,4,4,3,4,4,4,720;1800,false,false,2026-08-20
23952,https://find-sake.me/sake/23952,常きげん 旨口仕込,じょうきげん うまくちじこみ,Jokigen Umakuchi Jikomi,10012,鹿野酒造株式会社,Kano Shuzo,https://find-sake.me/brewery/10012,https://www.jokigen.co.jp/,普通酒,五百万石,65,15,,,,白山・手取川水系,,,,,,C:バナナ系,中庸・バランス系,3,3,4,2,3,4,4,720;1800,false,false,2026-08-20
53212,https://find-sake.me/sake/53212,常きげん 本醸生貯蔵酒,じょうきげん ほんじょうなまちょぞうしゅ,Jokigen Honjo Nama Chozoshu,10012,鹿野酒造株式会社,Kano Shuzo,https://find-sake.me/brewery/10012,https://www.jokigen.co.jp/,本醸造,,60,14,,,,白山・手取川水系,,,生貯蔵酒,,,B:青リンゴ・レモン系,爽快・リンゴ酸系,3,3,3,2,2,5,5,300,false,false,2026-08-20
39407,https://find-sake.me/sake/39407,常きげん 本醸造,じょうきげん ほんじょうぞう,Jokigen Honjozo,10012,鹿野酒造株式会社,Kano Shuzo,https://find-sake.me/brewery/10012,https://www.jokigen.co.jp/,本醸造,五百万石,60,15,6,1.2,,白山・手取川水系,,,,,,B:青リンゴ・レモン系,中庸・バランス系,5,2,3,2,2,5,4,720;1800,false,false,2026-09-05
13756,https://find-sake.me/sake/13756,常きげん 特別純米 幻の加賀の庄,じょうきげん とくべつじゅんまい まぼろしのかがのしょう,Jokigen Tokubetsu Junmai Maboroshi no Kaganosho,10012,鹿野酒造株式会社,Kano Shuzo,https://find-sake.me/brewery/10012,https://www.jokigen.co.jp/,特別純米,山田錦,60,15,3,1.5,,白山・手取川水系,,,,,,C:バナナ系,中庸・バランス系,4,4,4,3,4,4,3,720;1800,false,false,2026-09-07
1684,https://find-sake.me/sake/1684,常きげん 特別純米酒,じょうきげん とくべつじゅんまいしゅ,Jokigen Tokubetsu Junmaishu,10012,鹿野酒造株式会社,Kano Shuzo,https://find-sake.me/brewery/10012,https://www.jokigen.co.jp/,特別純米,五百万石,60,15,3,1.4,,,,,,,,D:熟成系,中庸・バランス系,4,3,4,2,4,3,4,720;1800,false,false,2026-09-07
58793,https://find-sake.me/sake/58793,常きげん 特別限定 山廃大吟醸,じょうきげん とくべつげんてい やまはいだいぎんじょう,Jokigen Tokubetsu Gentei Yamahai Daiginjo,10012,鹿野酒造株式会社,Kano Shuzo,https://find-sake.me/brewery/10012,https://www.jokigen.co.jp/,大吟醸,山田錦,40,17,5,1.6,,白山・手取川水系,古典的山廃,,,,,A:メロン・白桃系,重厚・乳酸系,5,4,4,5,4,5,4,720;1800,false,false,2026-08-20
33921,https://find-sake.me/sake/33921,常きげん 生原酒,じょうきげん なまげんしゅ,Jokigen Nama Genshu,10012,鹿野酒造株式会社,Kano Shuzo,https://find-sake.me/brewery/10012,https://www.jokigen.co.jp/,本醸造,五百万石,60,18,8,1.2,,白山・手取川水系,,,生原酒,,,B:青リンゴ・レモン系,中庸・バランス系,5,2,3,3,4,5,3,720;1800,false,false,2026-09-22
59088,https://find-sake.me/sake/59088,常きげん 純米,じょうきげん じゅんまい,Jokigen Junmai,10012,鹿野酒造株式会社,Kano Shuzo,https://find-sake.me/brewery/10012,https://www.jokigen.co.jp/,純米,五百万石,60,15,3,1.4,,白山・手取川水系,,,,,,B:青リンゴ・レモン系,中庸・バランス系,4,3,4,2,4,5,3,720;1800,false,false,2026-08-20
65332,https://find-sake.me/sake/65332,常きげん 純米にごり酒,じょうきげん じゅんまいにごりざけ,Jokigen Junmai Nigorizake,10012,鹿野酒造株式会社,Kano Shuzo,https://find-sake.me/brewery/10012,https://www.jokigen.co.jp/,純米,五百万石,60,15,-5,1.5,,白水の井戸（軟水）,,にごり,火入れ,,,,中庸・バランス系,3,3,4,4,5,4,4,720;1800,false,false,2026-09-07
2357,https://find-sake.me/sake/2357,常きげん 純米吟醸 風神,じょうきげん じゅんまいぎんじょう ふうじん,Jokigen Junmai Ginjo Fujin,10012,鹿野酒造株式会社,Kano Shuzo,https://find-sake.me/brewery/10012,https://www.jokigen.co.jp/,純米吟醸,山田錦,55,15,2,1.3,,白山・手取川水系,,,,,,A:メロン・白桃系,中庸・バランス系,3,3,4,4,4,4,4,720;1800,false,false,2026-08-20
59329,https://find-sake.me/sake/59329,常きげん 純米大吟醸,じょうきげん じゅんまいだいぎんじょう,Jokigen Junmai Daiginjo,10012,鹿野酒造株式会社,Kano Shuzo,https://find-sake.me/brewery/10012,https://www.jokigen.co.jp/,純米大吟醸,山田錦,50,16,,,,,,,火入れ,,,,中庸・バランス系,3,3,5,5,4,4,4,720;1800,false,false,2026-09-07
20099,https://find-sake.me/sake/20099,常きげん 純米大吟醸 KISS of FIRE,じょうきげん じゅんまいだいぎんじょう きす おぶ ふぁいあ,Jokigen Junmai Daiginjo Kiss of Fire,10012,鹿野酒造株式会社,Kano Shuzo,https://find-sake.me/brewery/10012,https://www.jokigen.co.jp/,純米大吟醸,山田錦,50,15,3,1.3,,白山・手取川水系,,,熟成,,,A:メロン・白桃系,中庸・バランス系,3,2,4,5,4,4,4,270;750,false,false,2026-09-07
24539,https://find-sake.me/sake/24539,常きげん 純米大吟醸 KISS of LEGEND,じょうきげん じゅんまいだいぎんじょう きす おぶ れじぇんど,Jokigen Junmai Daiginjo KISS of LEGEND,10012,鹿野酒造株式会社,Kano Shuzo,https://find-sake.me/brewery/10012,https://www.jokigen.co.jp/,純米大吟醸,山田錦,40,16,3,1.2,自社酵母,白水水系,速醸,,熟成、火入れ,,false,A:メロン・白桃系,中庸・バランス系,3,2,4,4,3,4,4,750,false,false,2026-08-30
6609,https://find-sake.me/sake/6609,常きげん 純米大吟醸 吟醸王国,じょうきげん じゅんまいだいぎんじょう ぎんじょうおうこく,Jokigen Junmai Daiginjo Ginjo Okoku,10012,鹿野酒造株式会社,Kano Shuzo,https://find-sake.me/brewery/10012,https://www.jokigen.co.jp/,純米大吟醸,山田錦,40,16,3,1.2,,白山水系,,,3年熟成酒,,,D:熟成系,中庸・バランス系,3,2,5,4,5,5,4,720;1800,false,false,2026-08-20
14324,https://find-sake.me/sake/14324,常きげん 純米大吟醸 百万石乃白,じょうきげん じゅんまいだいぎんじょう ひゃくまんごくのしろ,Jokigen Junmai Daiginjo Hyakumangoku-no-shiro,10012,鹿野酒造株式会社,Kano Shuzo,https://find-sake.me/brewery/10012,https://www.jokigen.co.jp/,純米大吟醸,百万石乃白（100%使用）,48,16,2,2,,,,,,,,A:メロン・白桃系,中庸・バランス系,3,5,3,5,3,5,4,300;720,false,false,2026-09-05
57993,https://find-sake.me/sake/57993,常きげん 純米生貯蔵酒,じょうきげん じゅんまいなまちょぞうしゅ,Jokigen Junmai Nama Chozoshu,10012,鹿野酒造株式会社,Kano Shuzo,https://find-sake.me/brewery/10012,https://www.jokigen.co.jp/,純米,,,15,,,,,,,生貯蔵酒,,,B:青リンゴ・レモン系,爽快・リンゴ酸系,3,3,3,3,2,4,5,300,false,false,2026-08-20
58768,https://find-sake.me/sake/58768,御幸誉 大吟醸,みゆきのほまれ だいぎんじょう,Miyuki-no-homare Daiginjo,10013,合資会社手塚酒造場,Tezuka Shuzojo,https://find-sake.me/brewery/10013,,大吟醸,山田錦,50,15.5,,,,,,,,,,A:メロン・白桃系,爽快・リンゴ酸系,3,3,3,4,2,4,4,720,false,false,2026-08-20
4176,https://find-sake.me/sake/4176,御幸誉 純米吟醸,みゆきのほまれ じゅんまいぎんじょう,Miyuki-no-homare Junmai Ginjo,10013,合資会社手塚酒造場,Tezuka Shuzojo,https://find-sake.me/brewery/10013,,純米吟醸,五百万石（100%使用）,60,15.5,,,,白山・手取川水系,,,,,,A:メロン・白桃系,中庸・バランス系,3,3,3,3,2,4,4,720,false,false,2026-08-20
22976,https://find-sake.me/sake/22976,御幸誉 蔵出し原酒,みゆきのほまれ くらだしげんしゅ,Miyuki-no-homare Kuradashi Genshu,10013,合資会社手塚酒造場,Tezuka Shuzojo,https://find-sake.me/brewery/10013,,,,65,19,,,,白山・手取川水系,,しぼりたて、おりがらみ,原酒,,true,E:穀物・ふくよか系,中庸・バランス系,2,3,4,2,5,4,2,720,false,false,2026-08-30
41470,https://find-sake.me/sake/41470,御所泉 吟醸,ごしょいずみ ぎんじょう,Goshoizumi Ginjo,10002,有限会社武内酒造店,Takeuchi Shuzoten,https://find-sake.me/brewery/10002,,吟醸,五百万石、山田錦,60,16,,,,,,,,,,,,3,3,4,4,2,4,4,720;1800,false,false,2026-08-20
60320,https://find-sake.me/sake/60320,御所泉 吟醸原酒 夏にごり酒,ごしょいずみ ぎんじょうげんしゅ なつにごりざけ,Goshoizumi Ginjo Genshu Natsu Nigorizake,10002,有限会社武内酒造店,Takeuchi Shuzoten,https://find-sake.me/brewery/10002,,吟醸酒,五百万石,60,20,,,,,,にごり,原酒,,,,中庸・バランス系,4,3,4,3,5,5,2,720,false,false,2026-08-20
39973,https://find-sake.me/sake/39973,御所泉 吟醸源酒,ごしょいずみ ぎんじょうげんしゅ,Goshoizumi Ginjo Genshu,10002,有限会社武内酒造店,Takeuchi Shuzoten,https://find-sake.me/brewery/10002,,吟醸,石川門,60,20,4,1.5,,,,,原酒,,,C:バナナ系,,2,4,5,4,5,4,3,720;1800,false,false,2026-09-07
41505,https://find-sake.me/sake/41505,御所泉 大吟醸,ごしょいずみ だいぎんじょう,Goshoizumi Daiginjo,10002,有限会社武内酒造店,Takeuchi Shuzoten,https://find-sake.me/brewery/10002,,大吟醸,,,,,,,,,,,,,,,3,3,4,5,3,4,4,720;1800,false,false,2026-08-20
51751,https://find-sake.me/sake/51751,御所泉 百万石乃白 大吟醸40,ごしょいずみ ひゃくまんごくのしろ だいぎんじょう40,Goshoizumi Hyakumangoku-no-shiro Daiginjo 40,10002,有限会社武内酒造店,Takeuchi Shuzoten,https://find-sake.me/brewery/10002,,大吟醸,百万石乃白,40,18,,,,,,,,,,,,3,3,2,5,3,5,3,720,false,false,2026-08-20
50523,https://find-sake.me/sake/50523,御所泉 百万石乃白 純米大吟醸40,ごしょいずみ ひゃくまんごくのしろ じゅんまいだいぎんじょう40,Goshoizumi Hyakumangoku-no-shiro Junmai Daiginjo 40,10002,有限会社武内酒造店,Takeuchi Shuzoten,https://find-sake.me/brewery/10002,,純米大吟醸,百万石乃白,40,17,,,,,,,,,,B:青リンゴ・レモン系,,4,3,2,4,3,4,3,720,false,false,2026-08-20
42172,https://find-sake.me/sake/42172,御所泉 純米吟醸 あらばしり 初しぼり,ごしょいずみ じゅんまいぎんじょう あらばしり はつしぼり,Goshoizumi Junmai Ginjo Arabashiri Hatsushibori,10002,有限会社武内酒造店,Takeuchi Shuzoten,https://find-sake.me/brewery/10002,,純米吟醸,石川門,60,18,,,,,,あらばしり,生酒,,,A:メロン・白桃系,,2,3,5,5,5,4,3,300,false,false,2026-08-20
28145,https://find-sake.me/sake/28145,御所泉 純米吟醸 泉,ごしょいずみ じゅんまいぎんじょう いずみ,Goshoizumi Junmai Ginjo Izumi,10002,有限会社武内酒造店,Takeuchi Shuzoten,https://find-sake.me/brewery/10002,,純米吟醸,石川門,,16,5,,,,,,,,,C:バナナ系,,3,4,4,4,5,4,3,720;1800,false,false,2026-08-20
16316,https://find-sake.me/sake/16316,御所泉 純米吟醸源酒 泉,ごしょいずみ じゅんまいぎんじょうげんしゅ いずみ,Goshoizumi Junmai Ginjo Genshu Izumi,10002,有限会社武内酒造店,Takeuchi Shuzoten,https://find-sake.me/brewery/10002,,純米吟醸,,,,,,,,,,,,,A:メロン・白桃系,,3,3,5,4,5,4,2,720,false,false,2026-08-20
21760,https://find-sake.me/sake/21760,御所泉 純米大吟醸酒 金箔入り,ごしょいずみ じゅんまいだいぎんじょうしゅ きんぱくいり,Goshoizumi Junmai Daiginjoshu Kinpaku-iri,10002,有限会社武内酒造店,Takeuchi Shuzoten,https://find-sake.me/brewery/10002,,純米大吟醸酒,山田錦,40,16,,,,白山・手取川水系,,,,,,A:メロン・白桃系,中庸・バランス系,2,3,3,5,4,4,4,300;720,false,false,2026-08-20
63951,https://find-sake.me/sake/63951,御所泉 能登復興応援酒,ごしょいずみ のとふっこうおうえんしゅ,Goshoizumi Noto Fukko Oenshu,10002,有限会社武内酒造店,Takeuchi Shuzoten,https://find-sake.me/brewery/10002,,純米吟醸,五百万石,60,16,,,,,,,,,,B:青リンゴ・レモン系,,4,3,3,4,4,4,4,720,false,false,2026-08-30
65182,https://find-sake.me/sake/65182,手取川 Sparkling dot,てどりがわ すぱーくりんぐ どっと,Tedorigawa Sparkling dot,10010,株式会社吉田酒造店,Yoshida Shuzoten,https://find-sake.me/brewery/10010,https://tedorigawa.com/,純米酒,石川門,60,13,,,,白山・手取川水系,モダン山廃・瓶内二次発酵,,生酒・原酒,,true,B:青リンゴ・レモン系,爽快・リンゴ酸系,2,5,4,4,3,5,5,720,false,false,2026-08-20
14028,https://find-sake.me/sake/14028,手取川 Sparkling SLASH,てどりがわ すぱーくりんぐ すらっしゅ,Tedorigawa Sparkling Slash,10010,株式会社吉田酒造店,Yoshida Shuzoten,https://find-sake.me/brewery/10010,https://tedorigawa.com/,純米大吟醸,百万石乃白,45,14,,,金沢酵母,白山・手取川水系,,,原酒,,true,B:青リンゴ・レモン系,爽快・リンゴ酸系,3,4,2,4,2,5,5,720,false,false,2026-08-20
54778,https://find-sake.me/sake/54778,手取川 ひやおろし ～かろやか～,てどりがわ ひやおろし かろやか,Tedorigawa Hiyaoroshi Karoyaka,10010,株式会社吉田酒造店,Yoshida Shuzoten,https://find-sake.me/brewery/10010,https://tedorigawa.com/,純米酒,国産米,60,14,,,,白山・手取川水系,モダン山廃,,ひやおろし、生詰,,,B:青リンゴ・レモン系,爽快・リンゴ酸系,2,4,4,3,2,3,5,720,false,false,2026-09-05
18942,https://find-sake.me/sake/18942,手取川 万華鏡,てどりがわ まんげきょう,Tedorigawa Mangekyo,10010,株式会社吉田酒造店,Yoshida Shuzoten,https://find-sake.me/brewery/10010,https://tedorigawa.com/,純米大吟醸,山田錦,40,15,,1.2,金沢酵母,白山・手取川水系,,中取り、無濾過,原酒、熟成,,,A:メロン・白桃系,中庸・バランス系,3,2,4,5,3,4,4,720,false,false,2026-08-20
12757,https://find-sake.me/sake/12757,手取川 冬 純米辛口,てどりがわ ふゆ じゅんまいからくち,Tedorigawa Fuyu Junmai Karakuchi,10010,株式会社吉田酒造店,Yoshida Shuzoten,https://find-sake.me/brewery/10010,https://tedorigawa.com/,純米,山田錦、石川門,60,15,,,,白山・手取川水系,,,生酒、原酒,,,B:青リンゴ・レモン系,中庸・バランス系,4,3,3,3,3,4,4,720;1800,false,false,2026-09-07
2770,https://find-sake.me/sake/2770,手取川 夏 純米辛口,てどりがわ なつ じゅんまいからくち,Tedorigawa Natsu Junmai Karakuchi,10010,株式会社吉田酒造店,Yoshida Shuzoten,https://find-sake.me/brewery/10010,https://tedorigawa.com/,純米,山田錦、石川門,60,15,,,,白山・手取川水系,,無濾過,低アル原酒,,true,B:青リンゴ・レモン系,爽快・リンゴ酸系,4,4,4,3,3,5,4,720;1800,false,false,2026-08-20
34452,https://find-sake.me/sake/34452,手取川 大吟醸 hoshi,てどりがわ だいぎんじょう ほし,Tedorigawa Daiginjo hoshi,10010,株式会社吉田酒造店,Yoshida Shuzoten,https://find-sake.me/brewery/10010,https://tedorigawa.com/,大吟醸,山田錦、五百万石,45,16,,,,白山・手取川水系,速醸,,火入れ,,,B:青リンゴ・レモン系,中庸・バランス系,4,3,3,4,3,4,4,720;1800,false,false,2026-09-07
33665,https://find-sake.me/sake/33665,手取川 大吟醸 名流,てどりがわ だいぎんじょう めいりゅう,Tedorigawa Daiginjo Meiryu,10010,株式会社吉田酒造店,Yoshida Shuzoten,https://find-sake.me/brewery/10010,https://tedorigawa.com/,大吟醸,山田錦,40,16,,,,白山・手取川水系,,,,,,A:メロン・白桃系,中庸・バランス系,3,2,3,5,2,5,5,720;1800,false,false,2026-08-20
1297,https://find-sake.me/sake/1297,手取川 大吟醸生酒 あらばしり,てどりがわ だいぎんじょうなまざけ あらばしり,Tedorigawa Daiginjo Namazake Arabashiri,10010,株式会社吉田酒造店,Yoshida Shuzoten,https://find-sake.me/brewery/10010,https://tedorigawa.com/,大吟醸,山田錦、五百万石,45,16,5,1.1,金沢酵母,白山・手取川水系,,あらばしり,生酒,,,A:メロン・白桃系,中庸・バランス系,3,2,2,5,3,5,4,720;1800,false,false,2026-08-20
40370,https://find-sake.me/sake/40370,手取川 山廃仕込 純米酒,てどりがわ やまはいじこみ じゅんまいしゅ,Tedorigawa Yamahai Jikomi Junmaishu,10010,株式会社吉田酒造店,Yoshida Shuzoten,https://find-sake.me/brewery/10010,https://tedorigawa.com/,純米酒,山田錦、五百万石,60,15,4,,,白山・手取川水系,山廃,,火入れ,,,D:熟成系,重厚・乳酸系,4,4,4,3,3,4,4,300;720;1800,false,false,2026-09-07
26745,https://find-sake.me/sake/26745,手取川 山廃純米 ひやおろし 無濾過生詰,てどりがわ やまはいじゅんまい ひやおろし むろかなまづめ,Tedorigawa Yamahai Junmai Hiyaoroshi Muroka Namazume,10010,株式会社吉田酒造店,Yoshida Shuzoten,https://find-sake.me/brewery/10010,https://tedorigawa.com/,純米,山田錦、五百万石,60,15,,,金沢酵母,白山・手取川水系,古典的山廃,無濾過,ひやおろし、生詰、原酒,,,C:バナナ系,重厚・乳酸系,4,3,4,3,4,4,3,720;1800,false,false,2026-08-20
27299,https://find-sake.me/sake/27299,手取川 山廃純米吟醸,てどりがわ やまはいじゅんまいぎんじょう,Tedorigawa Yamahai Junmai Ginjo,10010,株式会社吉田酒造店,Yoshida Shuzoten,https://find-sake.me/brewery/10010,https://tedorigawa.com/,純米吟醸,山田錦、五百万石,55,16,,,,,山廃,,原酒,,,B:青リンゴ・レモン系,,2,5,5,4,5,4,2,720;1800,false,false,2026-09-07
5398,https://find-sake.me/sake/5398,手取川 春 純米辛口,てどりがわ はる じゅんまいからくち,Tedorigawa Haru Junmai Karakuchi,10010,株式会社吉田酒造店,Yoshida Shuzoten,https://find-sake.me/brewery/10010,https://tedorigawa.com/,純米,山田錦、石川門,60,15,,,,白山・手取川水系,,にごり,生酒・原酒,,true,B:青リンゴ・レモン系,爽快・リンゴ酸系,4,4,4,4,3,4,4,720;1800,false,false,2026-09-14
49622,https://find-sake.me/sake/49622,手取川 本流,てどりがわ ほんりゅう,Tedorigawa Honryu,10010,株式会社吉田酒造店,Yoshida Shuzoten,https://find-sake.me/brewery/10010,https://tedorigawa.com/,普通酒,,,15,,,金沢酵母,白山・手取川水系,,,,,,C:バナナ系,中庸・バランス系,2,2,4,3,3,3,4,1800,false,false,2026-08-20
25116,https://find-sake.me/sake/25116,手取川 瑞流,てどりがわ ずいりゅう,Tedorigawa Zuiryu,10010,株式会社吉田酒造店,Yoshida Shuzoten,https://find-sake.me/brewery/10010,https://tedorigawa.com/,純米大吟醸,百万石乃白,40,15,,,金沢酵母,白山百年水,山廃仕込み,,原酒,,,B:青リンゴ・レモン系,重厚・乳酸系,3,4,4,4,4,4,4,720;1800,false,false,2026-08-20
53902,https://find-sake.me/sake/53902,手取川 生酒,てどりがわ なまざけ,Tedorigawa Namazake,10010,株式会社吉田酒造店,Yoshida Shuzoten,https://find-sake.me/brewery/10010,https://tedorigawa.com/,本醸造酒,麹米:山田錦 / 掛米:五百万石,60,,,,,白山・手取川水系,,,生酒,,,A:メロン・白桃系,中庸・バランス系,2,3,3,3,3,4,4,300,false,false,2026-08-20
10090,https://find-sake.me/sake/10090,手取川 秋 純米辛口,てどりがわ あき じゅんまいからくち,Tedorigawa Aki Junmai Karakuchi,10010,株式会社吉田酒造店,Yoshida Shuzoten,https://find-sake.me/brewery/10010,https://tedorigawa.com/,純米,山田錦、石川門,60,14,,,,白山・手取川水系,,,生詰、原酒、ひやおろし,,,C:バナナ系,中庸・バランス系,4,3,5,3,3,4,4,720;1800,false,false,2026-09-14
34057,https://find-sake.me/sake/34057,手取川 純米にごり酒 白寿,てどりがわ じゅんまいにごりざけ はくじゅ,Tedorigawa Junmai Nigorizake Hakuju,10010,株式会社吉田酒造店,Yoshida Shuzoten,https://find-sake.me/brewery/10010,https://tedorigawa.com/,純米,石川門,60,14,,,,白山・手取川水系,,にごり,生酒、低アル原酒,,true,B:青リンゴ・レモン系,中庸・バランス系,2,3,4,3,4,3,4,720;1800,false,false,2026-08-20
59501,https://find-sake.me/sake/59501,手取川 純米吟醸 生原酒 石川門,てどりがわ じゅんまいぎんじょう なまげんしゅ いしかわもん,Tedorigawa Junmai Ginjo Nama Genshu Ishikawamon,10010,株式会社吉田酒造店,Yoshida Shuzoten,https://find-sake.me/brewery/10010,https://tedorigawa.com/,純米吟醸,石川門,60,14,,,,白山・手取川水系,,無濾過,低アル原酒,,,B:青リンゴ・レモン系,爽快・リンゴ酸系,2,4,4,4,3,4,5,720;1800,false,false,2026-09-07
56509,https://find-sake.me/sake/56509,手取川 純米大吟醸 ひやおろし,てどりがわ じゅんまいだいぎんじょう ひやおろし,Tedorigawa Junmai Daiginjo Hiyaoroshi,10010,株式会社吉田酒造店,Yoshida Shuzoten,https://find-sake.me/brewery/10010,https://tedorigawa.com/,純米大吟醸,山田錦（兵庫県産・麹米／掛米とも）,45,15,,,金沢酵母,白山・手取川水系,,,ひやおろし、原酒,,,B:青リンゴ・レモン系,中庸・バランス系,3,2,4,4,4,4,3,720;1800,false,false,2026-08-30
6783,https://find-sake.me/sake/6783,手取川 純米大吟醸 原酒 百万石乃白,てどりがわ じゅんまいだいぎんじょう げんしゅ ひゃくまんごくのしろ,Tedorigawa Junmai Daiginjo Genshu Hyakumangoku-no-shiro,10010,株式会社吉田酒造店,Yoshida Shuzoten,https://find-sake.me/brewery/10010,https://tedorigawa.com/,純米大吟醸,百万石乃白,50,14,,,,白山・手取川水系,,,原酒,,,A:メロン・白桃系,爽快・リンゴ酸系,3,3,2,4,2,4,4,720;1800,false,false,2026-09-07
52038,https://find-sake.me/sake/52038,手取川 純米大吟醸 本流,てどりがわ じゅんまいだいぎんじょう ほんりゅう,Tedorigawa Junmai Daiginjo Honryu,10010,株式会社吉田酒造店,Yoshida Shuzoten,https://find-sake.me/brewery/10010,https://tedorigawa.com/,純米大吟醸,山田錦,45,15,,,金沢酵母,,,,,,,A:メロン・白桃系,中庸・バランス系,4,3,4,3,4,4,4,720;1800,false,false,2026-08-20
27291,https://find-sake.me/sake/27291,手取川 純米大吟醸 生原酒 百万石乃白,てどりがわ じゅんまいだいぎんじょう なまげんしゅ ひゃくまんごくのしろ,Tedorigawa Junmai Daiginjo Nama Genshu Hyakumangoku-no-shiro,10010,株式会社吉田酒造店,Yoshida Shuzoten,https://find-sake.me/brewery/10010,https://tedorigawa.com/,純米大吟醸,百万石乃白,50,14,,,,白山・手取川水系,,,低アル原酒,,true,A:メロン・白桃系,爽快・リンゴ酸系,3,4,3,5,2,5,5,720;1800,false,false,2026-09-07
53346,https://find-sake.me/sake/53346,手取川 純米生原酒 しぼりたて,てどりがわ じゅんまいなまげんしゅ しぼりたて,Tedorigawa Junmai Nama Genshu Shiboritate,10010,株式会社吉田酒造店,Yoshida Shuzoten,https://find-sake.me/brewery/10010,https://tedorigawa.com/,純米,石川門,60,14,-1,1.8,金沢酵母,白山・手取川水系,,,生酒、原酒,,true,B:青リンゴ・レモン系,爽快・リンゴ酸系,3,4,3,4,3,4,5,720;1800,false,false,2026-08-20
26561,https://find-sake.me/sake/26561,手取川 純米酒 niji,てどりがわ じゅんまいしゅ にじ,Tedorigawa Junmaishu niji,10010,株式会社吉田酒造店,Yoshida Shuzoten,https://find-sake.me/brewery/10010,https://tedorigawa.com/,純米酒,山田錦、五百万石,60,15,,,,白山・手取川水系,速醸,,火入れ,,,B:青リンゴ・レモン系,中庸・バランス系,3,2,3,3,2,3,4,720;1800,false,false,2026-09-07
62714,https://find-sake.me/sake/62714,手取川 純米酒 名流 大辛口,てどりがわ じゅんまいしゅ めいりゅう おおからくち,Tedorigawa Junmaishu Meiryu Okarakuchi,10010,株式会社吉田酒造店,Yoshida Shuzoten,https://find-sake.me/brewery/10010,https://tedorigawa.com/,純米酒,山田錦、五百万石,60,15,8,1.3,,白山・手取川水系,,,火入れ,,,B:青リンゴ・レモン系,中庸・バランス系,5,2,3,2,2,5,4,720;1800,false,false,2026-09-07
34105,https://find-sake.me/sake/34105,手取川 酒魂 純米吟醸,てどりがわ しゅこん じゅんまいぎんじょう,Tedorigawa Shukon Junmai Ginjo,10010,株式会社吉田酒造店,Yoshida Shuzoten,https://find-sake.me/brewery/10010,https://tedorigawa.com/,純米吟醸,山田錦、五百万石,55,15,1,1.3,金沢系,白山・手取川水系,,,火入れ,,,B:青リンゴ・レモン系,中庸・バランス系,4,2,3,3,2,4,4,300;720;1800,false,false,2026-09-07
11477,https://find-sake.me/sake/11477,招福 神泉,しょうふく しんせん,Shofuku Shinsen,10015,東酒造株式会社,Higashi Shuzo,https://find-sake.me/brewery/10015,http://www.sake-sinsen.co.jp/,本醸造,国産米,70,15,8,,,,,,,,,,,5,3,3,2,3,5,3,1800,true,true,2026-08-20
57560,https://find-sake.me/sake/57560,日榮 加賀金箔入 金彩 純米酒,にちえい かがきんぱくいり きんさい じゅんまいしゅ,Nichiei Kaga Kinpaku-iri Kinsai Junmaishu,10003,中村酒造株式会社,Nakamura Shuzo,https://find-sake.me/brewery/10003,https://www.nakamura-shuzou.co.jp/,純米,五百万石,70,14,3,3,,白山水系,,,火入れ,,,,,4,2,4,2,2,4,4,300;720;1800,true,true,2026-08-26
53978,https://find-sake.me/sake/53978,日榮 吟醸生貯蔵酒,にちえい ぎんじょうなまちょぞうしゅ,Nichiei Ginjo Nama Chozoshu,10003,中村酒造株式会社,Nakamura Shuzo,https://find-sake.me/brewery/10003,https://www.nakamura-shuzou.co.jp/,吟醸,五百万石,58,14,3,1.4,,,,,生貯蔵酒,,,D:熟成系,,4,3,3,4,2,4,5,300,true,true,2026-08-26
32833,https://find-sake.me/sake/32833,日榮 吟醸生貯蔵酒 酒の大沢限定ミニボトル,にちえい ぎんじょうなまちょぞうしゅ さけのおおさわげんていみにぼとる,Nichiei Ginjo Nama Chozoshu Sake no Ozawa Gentei Mini Bottle,10003,中村酒造株式会社,Nakamura Shuzo,https://find-sake.me/brewery/10003,https://www.nakamura-shuzou.co.jp/,吟醸,五百万石,58,14,3,1.4,,白山水系,,,生貯蔵酒,,,B:青リンゴ・レモン系,中庸・バランス系,4,3,3,4,2,4,5,180,false,false,2026-09-22
11338,https://find-sake.me/sake/11338,日榮 料理酒,にちえい りょうりしゅ,Nichiei Ryorishu,10003,中村酒造株式会社,Nakamura Shuzo,https://find-sake.me/brewery/10003,https://www.nakamura-shuzou.co.jp/,,,78,13,,,,白山水系,,,火入れ,,,E:穀物・ふくよか系,中庸・バランス系,3,3,3,2,3,3,3,1800,true,true,2026-08-30
15789,https://find-sake.me/sake/15789,日榮 本醸造 榮,にちえい ほんじょうぞう さかえ,Nichiei Honjozo Sakae,10003,中村酒造株式会社,Nakamura Shuzo,https://find-sake.me/brewery/10003,https://www.nakamura-shuzou.co.jp/,本醸造,五百万石,60,15,5,2,,白山水系,,,火入れ,,,,中庸・バランス系,4,3,3,2,2,5,4,1800,true,true,2026-08-26
42222,https://find-sake.me/sake/42222,日榮 純米吟醸,にちえい じゅんまいぎんじょう,Nichiei Junmai Ginjo,10003,中村酒造株式会社,Nakamura Shuzo,https://find-sake.me/brewery/10003,https://www.nakamura-shuzou.co.jp/,純米吟醸,,58,14,4.5,1.3,,,,,,,,A:メロン・白桃系,中庸・バランス系,3,3,4,3,3,4,4,720,true,true,2026-08-26
61118,https://find-sake.me/sake/61118,日榮 純米吟醸 石川門,にちえい じゅんまいぎんじょう いしかわもん,Nichiei Junmai Ginjo Ishikawamon,10003,中村酒造株式会社,Nakamura Shuzo,https://find-sake.me/brewery/10003,https://www.nakamura-shuzou.co.jp/,純米吟醸,石川門,60,15,-10,2,,白山水系,,,火入れ,,,,中庸・バランス系,2,3,4,3,4,3,4,720,true,true,2026-08-26
45484,https://find-sake.me/sake/45484,日榮 純米大吟醸,にちえい じゅんまいだいぎんじょう,Nichiei Junmai Daiginjo,10003,中村酒造株式会社,Nakamura Shuzo,https://find-sake.me/brewery/10003,https://www.nakamura-shuzou.co.jp/,純米大吟醸,山田錦,50,15,-4,1.6,,白山水系,,,火入れ,,,A:メロン・白桃系,中庸・バランス系,4,3,4,4,3,4,4,720;1800,true,true,2026-08-26
12680,https://find-sake.me/sake/12680,日榮 菊酒 普通酒,にちえい きくざけ ふつうしゅ,Nichiei Kikuzake Futsushu,10003,中村酒造株式会社,Nakamura Shuzo,https://find-sake.me/brewery/10003,https://www.nakamura-shuzou.co.jp/,普通酒,五百万石,65,15,4,2,,白山水系,,,火入れ,,,,,4,3,2,2,2,5,5,180;200;1800,true,true,2026-08-26
46706,https://find-sake.me/sake/46706,星の物語,ほしのものがたり,Hoshi-no-monogatari,10002,有限会社武内酒造店,Takeuchi Shuzoten,https://find-sake.me/brewery/10002,,普通酒,国産米,,16,,,,,,,,,,,中庸・バランス系,4,3,4,2,3,4,4,500,false,false,2026-08-20
20228,https://find-sake.me/sake/20228,春山 大吟醸 でか山ラベル,はるやま だいぎんじょう でかやまらべる,Haruyama Daiginjo Dekayama Label,10019,有限会社春成酒造店,Harunari Shuzoten,https://find-sake.me/brewery/10019,,大吟醸,,50,15.5,5,1.3,,,,,,,,,,3,3,2,4,2,5,5,720,false,false,2026-08-20
43125,https://find-sake.me/sake/43125,春山 純米吟醸 鵜祭りラベル,はるやま じゅんまいぎんじょう うまつりらべる,Haruyama Junmai Ginjo Umatsuri Label,10019,有限会社春成酒造店,Harunari Shuzoten,https://find-sake.me/brewery/10019,,純米吟醸酒,,50,15.5,5,1.6,,白山・手取川水系,,,,,,,中庸・バランス系,3,3,4,3,3,4,4,720,false,false,2026-08-20
56464,https://find-sake.me/sake/56464,春心 兼六桜 昼 純米吟醸 火入れ,はるごころ けんろくざくら ひる じゅんまいぎんじょう ひいれ,Harugokoro Kenroku Zakura Hiru Junmai Ginjo Hiire,10014,合同会社西出酒造,Nishide Shuzo,https://find-sake.me/brewery/10014,https://nishidesake.com/,純米吟醸,,60,16,,,兼六園の八重桜由来の天然酵母,,,,火入れ,,,,中庸・バランス系,2,3,3,3,3,3,4,500,false,false,2026-08-30
51070,https://find-sake.me/sake/51070,春心 大吟醸 復刻,はるごころ だいぎんじょう ふっこく,Harugokoro Daiginjo Fukkoku,10014,合同会社西出酒造,Nishide Shuzo,https://find-sake.me/brewery/10014,https://nishidesake.com/,大吟醸,国産米,40,16,,,,南加賀の軟水,,,,,,E:穀物・ふくよか系,中庸・バランス系,3,2,3,3,3,3,4,720,false,false,2026-08-20
33649,https://find-sake.me/sake/33649,春心 旭米 山廃つくり 蔵付酵母仕込み 無濾過生原酒,はるごころ あさひまい やまはいつくり くらつきこうぼじこみ むろかなまげんしゅ,Harugokoro Asahimai Yamahai Tsukuri Kuratsuki Kobo Jikomi Muroka Nama Genshu,10014,合同会社西出酒造,Nishide Shuzo,https://find-sake.me/brewery/10014,https://nishidesake.com/,,旭（100%使用）,87,15.5,,,蔵付酵母,,古典的山廃,無濾過,生原酒,,,E:穀物・ふくよか系,重厚・乳酸系,4,5,5,2,5,3,1,720,false,false,2026-08-20
42414,https://find-sake.me/sake/42414,春心 木桶仕込み 生酛つくり 純米酒 生酒,はるごころ きおけじこみ きもとつくり じゅんまいしゅ なまざけ,Harugokoro Kioke Jikomi Kimoto Tsukuri Junmaishu Namazake,10014,合同会社西出酒造,Nishide Shuzo,https://find-sake.me/brewery/10014,https://nishidesake.com/,純米酒,石川県産米,87,17,,,蔵付酵母,蔵の井戸水,古典的生酛,,生酒,,,E:穀物・ふくよか系,重厚・乳酸系,4,4,5,2,4,3,2,500,false,false,2026-08-20
4270,https://find-sake.me/sake/4270,春心 本醸造 山廃つくり,はるごころ ほんじょうぞう やまはいつくり,Harugokoro Honjozo Yamahai Tsukuri,10014,合同会社西出酒造,Nishide Shuzo,https://find-sake.me/brewery/10014,https://nishidesake.com/,本醸造,石川県産米,65,15,,,蔵付酵母,,古典的山廃,,,,,E:穀物・ふくよか系,重厚・乳酸系,3,4,4,2,3,4,3,1800,false,false,2026-08-20
15278,https://find-sake.me/sake/15278,春心 特撰純米,はるごころ とくせんじゅんまい,Harugokoro Tokusen Junmai,10014,合同会社西出酒造,Nishide Shuzo,https://find-sake.me/brewery/10014,https://nishidesake.com/,純米酒,国産米,87,15,,,,,,,,,,E:穀物・ふくよか系,中庸・バランス系,3,3,4,1,3,3,3,1800,false,false,2026-08-30
49757,https://find-sake.me/sake/49757,春心 生酛つくり,はるごころ きもとつくり,Harugokoro Kimoto Tsukuri,10014,合同会社西出酒造,Nishide Shuzo,https://find-sake.me/brewery/10014,https://nishidesake.com/,,石川県産米,,15,,,蔵付酵母,,古典的生酛,,,,,E:穀物・ふくよか系,重厚・乳酸系,3,4,4,2,3,3,2,720;1800,false,false,2026-08-30
947,https://find-sake.me/sake/947,春心 生酛つくり 純米酒 五百万石87% 蔵付酵母無添加,はるごころ きもとつくり じゅんまいしゅ ごひゃくまんごく はちじゅうななぱーせんと くらつきこうぼむてんか,Harugokoro Kimoto Tsukuri Junmaishu Gohyakumangoku 87% Kuratsuki Kobo Mutenka,10014,合同会社西出酒造,Nishide Shuzo,https://find-sake.me/brewery/10014,https://nishidesake.com/,純米酒,五百万石（石川県産）,87,,,,蔵付酵母（酵母無添加）,,古典的生酛,,,,,E:穀物・ふくよか系,重厚・乳酸系,3,4,5,2,4,2,2,720,false,false,2026-08-20
59591,https://find-sake.me/sake/59591,春心 生酛つくり純米酒 番外編 酵母無添加コシヒカリ仕込み,はるごころ きもとつくりじゅんまいしゅ ばんがいへん こうぼむてんかこしひかりじこみ,Harugokoro Kimoto Tsukuri Junmaishu Bangaihen Kobo Mutenka Koshihikari Jikomi,10014,合同会社西出酒造,Nishide Shuzo,https://find-sake.me/brewery/10014,https://nishidesake.com/,純米酒,コシヒカリ,,,,,蔵付酵母（酵母無添加）,,古典的生酛,,,,,E:穀物・ふくよか系,重厚・乳酸系,4,5,4,2,4,3,1,720,false,false,2026-08-20
42686,https://find-sake.me/sake/42686,春心 純米酒,はるごころ じゅんまいしゅ,Harugokoro Junmaishu,10014,合同会社西出酒造,Nishide Shuzo,https://find-sake.me/brewery/10014,https://nishidesake.com/,純米酒,石川県産米,70,17,,,,,古典的生酛,,,,,E:穀物・ふくよか系,重厚・乳酸系,3,4,5,2,4,2,2,720,false,false,2026-08-20
41660,https://find-sake.me/sake/41660,有機純米酒 AKIRA,ゆうきじゅんまいしゅ あきら,Yuki Junmaishu Akira,10003,中村酒造株式会社,Nakamura Shuzo,https://find-sake.me/brewery/10003,https://www.nakamura-shuzou.co.jp/,純米酒,有機米,70,14,0,2.5,,白山水系,,,火入れ,,,,,4,5,5,2,4,2,2,300;720,true,true,2026-08-26
20204,https://find-sake.me/sake/20204,木槽 酒袋 しぼり 純米原酒 実盛,きぶね さかぶくろ しぼり じゅんまいげんしゅ さねもり,Kibune Sakabukuro Shibori Junmai Genshu Sanemori,10034,橋本酒造株式会社,Hashimoto Shuzo,https://find-sake.me/brewery/10034,https://judaime.com/,純米酒,五百万石,70,16,,,,,,木槽酒袋しぼり,原酒,,,,中庸・バランス系,4,2,4,3,4,4,3,720,false,false,2026-09-04
1127,https://find-sake.me/sake/1127,杜氏土産酒 能登 Alive,とうじみやげざけ のと あらいぶ,Toji Miyagezake Noto Alive,10032,松波酒造株式会社,Matsunami Shuzo,https://find-sake.me/brewery/10032,https://www.o-eyama.com/,本醸造,五百万石（石川県産100%）,68,19,3,,協会7号酵母,,,,原酒、熟成,,,D:熟成系,中庸・バランス系,4,3,4,2,5,3,2,300,false,false,2026-08-30
38881,https://find-sake.me/sake/38881,東籬 純米吟醸,とうり じゅんまいぎんじょう,Tori Junmai Ginjo,10007,菊姫合資会社,Kikuhime,https://find-sake.me/brewery/10007,https://www.kikuhime.co.jp/,純米吟醸,山田錦,55,17,,1.4,,白山・手取川水系,,,火入れ,,,A:メロン・白桃系,中庸・バランス系,3,3,5,4,5,4,3,720;1800,false,false,2026-09-07
61366,https://find-sake.me/sake/61366,松波 特別純米 生原酒,まつなみ とくべつじゅんまい なまげんしゅ,Matsunami Tokubetsu Junmai Nama Genshu,10032,松波酒造株式会社,Matsunami Shuzo,https://find-sake.me/brewery/10032,https://www.o-eyama.com/,特別純米,五百万石、百万石乃白（いずれも石川県産）,60,16,5.5,,金沢酵母,白山・手取川水系,,,生原酒,,,E:穀物・ふくよか系,中庸・バランス系,4,3,3,3,4,5,3,720;1800,false,false,2026-09-06
42249,https://find-sake.me/sake/42249,池月 にごり酒,いけづき にごりざけ,Ikezuki Nigorizake,10018,鳥屋酒造株式会社,Toriya Shuzo,https://find-sake.me/brewery/10018,https://ikezuki.net/,普通酒,,,18,,,,能登水系,にごり酒,粗濾過,生酒,,,E:穀物・ふくよか系,中庸・バランス系,4,3,4,3,4,3,4,1800,false,false,2026-08-20
47771,https://find-sake.me/sake/47771,池月 一青,いけづき ひとと,Ikezuki Hitoto,10018,鳥屋酒造株式会社,Toriya Shuzo,https://find-sake.me/brewery/10018,https://ikezuki.net/,純米吟醸,石川門,55,14,,,,能登水系,,,,,,A:メロン・白桃系,中庸・バランス系,2,3,3,4,2,4,5,500,false,false,2026-08-30
11955,https://find-sake.me/sake/11955,池月 吟醸 みなもにうかぶ月,いけづき ぎんじょう みなもにうかぶつき,Ikezuki Ginjo Minamo-ni-ukabu-tsuki,10018,鳥屋酒造株式会社,Toriya Shuzo,https://find-sake.me/brewery/10018,https://ikezuki.net/,吟醸,五百万石,50,16,4,1.2,,能登水系,,,,,,A:メロン・白桃系,中庸・バランス系,3,3,3,4,3,4,5,720;1800,false,false,2026-08-20
17370,https://find-sake.me/sake/17370,池月 大吟醸,いけづき だいぎんじょう,Ikezuki Daiginjo,10018,鳥屋酒造株式会社,Toriya Shuzo,https://find-sake.me/brewery/10018,https://ikezuki.net/,大吟醸,,40,16,,,,能登水系,,,,,,A:メロン・白桃系,中庸・バランス系,3,2,3,5,2,4,5,720;1800,false,false,2026-08-20
34296,https://find-sake.me/sake/34296,池月 本醸造,いけづき ほんじょうぞう,Ikezuki Honjozo,10018,鳥屋酒造株式会社,Toriya Shuzo,https://find-sake.me/brewery/10018,https://ikezuki.net/,本醸造,,60,15,,,,能登水系,,,,,,E:穀物・ふくよか系,中庸・バランス系,3,3,3,2,3,4,5,720;1800,false,false,2026-08-20
5228,https://find-sake.me/sake/5228,池月 本醸造 うすにごり,いけづき ほんじょうぞう うすにごり,Ikezuki Honjozo Usunigori,10018,鳥屋酒造株式会社,Toriya Shuzo,https://find-sake.me/brewery/10018,https://ikezuki.net/,本醸造,,60,18,,,,能登水系,うすにごり,無濾過,生酒,,true,B:青リンゴ・レモン系,中庸・バランス系,3,4,4,4,4,4,4,1800,false,false,2026-08-20
24277,https://find-sake.me/sake/24277,池月 本醸造 ひやおろし,いけづき ほんじょうぞう ひやおろし,Ikezuki Honjozo Hiyaoroshi,10018,鳥屋酒造株式会社,Toriya Shuzo,https://find-sake.me/brewery/10018,https://ikezuki.net/,本醸造,五百万石,60,15,,,,能登水系,ひやおろし,,一回火入れ,,,E:穀物・ふくよか系,中庸・バランス系,3,3,4,2,3,4,5,720,false,false,2026-08-20
54384,https://find-sake.me/sake/54384,池月 清酒,いけづき せいしゅ,Ikezuki Seishu,10018,鳥屋酒造株式会社,Toriya Shuzo,https://find-sake.me/brewery/10018,https://ikezuki.net/,普通酒,,,15,,,,能登水系,,,,,,E:穀物・ふくよか系,中庸・バランス系,3,3,3,2,3,4,5,1800,false,false,2026-08-20
28336,https://find-sake.me/sake/28336,池月 純米 ひやおろし,いけづき じゅんまい ひやおろし,Ikezuki Junmai Hiyaoroshi,10018,鳥屋酒造株式会社,Toriya Shuzo,https://find-sake.me/brewery/10018,https://ikezuki.net/,純米,五百万石,55,16,3,1.4,,能登水系,ひやおろし,,生詰,,,E:穀物・ふくよか系,中庸・バランス系,3,3,4,3,3,4,5,720,false,false,2026-08-20
61154,https://find-sake.me/sake/61154,池月 純米 無濾過生原酒,いけづき じゅんまい むろかなまげんしゅ,Ikezuki Junmai Muroka Nama Genshu,10018,鳥屋酒造株式会社,Toriya Shuzo,https://find-sake.me/brewery/10018,https://ikezuki.net/,純米,五百万石,55,17,3.5,,,能登水系,,無濾過,生酒,,,B:青リンゴ・レモン系,中庸・バランス系,3,4,4,4,4,4,4,720;1800,false,false,2026-08-20
30392,https://find-sake.me/sake/30392,池月 純米吟醸 百万石乃白,いけづき じゅんまいぎんじょう ひゃくまんごくのしろ,Ikezuki Junmai Ginjo Hyakumangoku-no-shiro,10018,鳥屋酒造株式会社,Toriya Shuzo,https://find-sake.me/brewery/10018,https://ikezuki.net/,純米吟醸,百万石乃白,55,16,3.5,1.5,,能登水系,,,,,,A:メロン・白桃系,中庸・バランス系,3,3,3,4,3,4,5,720;1800,false,false,2026-08-20
7275,https://find-sake.me/sake/7275,池月 純米吟醸 細流,いけづき じゅんまいぎんじょう せせらぎ,Ikezuki Junmai Ginjo Seseragi,10018,鳥屋酒造株式会社,Toriya Shuzo,https://find-sake.me/brewery/10018,https://ikezuki.net/,純米吟醸,五百万石,50,16,,,7号酵母,,,,,,,A:メロン・白桃系,,3,4,3,3,3,4,4,720;1800,false,false,2026-09-07
17890,https://find-sake.me/sake/17890,池月 純米大吟醸,いけづき じゅんまいだいぎんじょう,Ikezuki Junmai Daiginjo,10018,鳥屋酒造株式会社,Toriya Shuzo,https://find-sake.me/brewery/10018,https://ikezuki.net/,純米大吟醸,,50,16,,,,能登水系,,,,,,E:穀物・ふくよか系,中庸・バランス系,3,3,4,4,3,4,5,720;1800,false,false,2026-08-20
59784,https://find-sake.me/sake/59784,池月 純米酒,いけづき じゅんまいしゅ,Ikezuki Junmaishu,10018,鳥屋酒造株式会社,Toriya Shuzo,https://find-sake.me/brewery/10018,https://ikezuki.net/,純米,,55,15,,,,,,,,,,,,4,3,4,3,3,4,5,720;1800,false,false,2026-09-07
58044,https://find-sake.me/sake/58044,池月 純米酒 眉丈山,いけづき じゅんまいしゅ まゆたけやま,Ikezuki Junmaishu Mayutakeyama,10018,鳥屋酒造株式会社,Toriya Shuzo,https://find-sake.me/brewery/10018,https://ikezuki.net/,純米,能登ひかり,65,15,,,,能登水系,,,,,,E:穀物・ふくよか系,中庸・バランス系,3,3,3,2,3,4,5,720;1800,false,false,2026-08-20
45730,https://find-sake.me/sake/45730,特別神泉大吟醸 太初,とくべつしんせんだいぎんじょう たいしょ,Tokubetsu Shinsen Daiginjo Taisho,10015,東酒造株式会社,Higashi Shuzo,https://find-sake.me/brewery/10015,http://www.sake-sinsen.co.jp/,大吟醸,山田錦,35,17,,,金沢酵母,白山・手取川水系,,,長期熟成酒,,,D:熟成系,中庸・バランス系,3,3,4,4,5,2,3,720;1800,true,true,2026-08-20
12734,https://find-sake.me/sake/12734,特別純米酒 為,とくべつじゅんまいしゅ ため,Tokubetsu Junmaishu Tame,10022,数馬酒造株式会社,Kazuma Shuzo,https://find-sake.me/brewery/10022,https://chikuha.co.jp/,特別純米酒,五百万石,60,15,,,,,,,,,,,中庸・バランス系,3,3,3,3,3,4,4,720,false,false,2026-09-22
53712,https://find-sake.me/sake/53712,猩々 純米酒,しょうじょう じゅんまいしゅ,Shojo Junmaishu,10003,中村酒造株式会社,Nakamura Shuzo,https://find-sake.me/brewery/10003,https://www.nakamura-shuzou.co.jp/,純米酒,五百万石,58,14,3,1.4,喜多家伝来の酵母,白山水系,,,火入れ,,,,中庸・バランス系,4,3,5,2,3,3,4,720;1800,true,true,2026-08-26
4705,https://find-sake.me/sake/4705,猩々 純米酒 ひやおろし,しょうじょう じゅんまいしゅ ひやおろし,Shojo Junmaishu Hiyaoroshi,10003,中村酒造株式会社,Nakamura Shuzo,https://find-sake.me/brewery/10003,https://www.nakamura-shuzou.co.jp/,純米酒,五百万石,58,14,3,1.4,,白山水系,,,ひやおろし / 生詰,,,B:青リンゴ・レモン系,中庸・バランス系,3,3,4,3,3,3,4,720,true,true,2026-08-26
40028,https://find-sake.me/sake/40028,獅子の里 夏純米 オリゼー,ししのさと なつじゅんまい おりぜー,Shishi-no-sato Natsu Junmai Oryzae,10016,松浦酒造有限会社,Matsuura Shuzo,https://find-sake.me/brewery/10016,https://shishinosato.com/,純米酒,糀米：八反錦（広島県産）、掛米：百万石乃白（石川県産）,65,15,3,1.3,M310酵母,山中温泉の超軟水（医王寺湧水）,,,瓶燗火入れ（1回）,,,A:メロン・白桃系,中庸・バランス系,3,3,2,4,2,4,4,720;1800,false,false,2026-09-05
23009,https://find-sake.me/sake/23009,獅子の里 糀 オリゼー 秋あがり,ししのさと こうじ おりぜー あきあがり,Shishi-no-sato Koji Oryzae Akiagari,10016,松浦酒造有限会社,Matsuura Shuzo,https://find-sake.me/brewery/10016,https://shishinosato.com/,純米吟醸,糀米：雄町、掛米：山田錦,55,15,,,,山中温泉の超軟水（医王寺湧水）,,,秋あがり,,,E:穀物・ふくよか系,中庸・バランス系,3,3,5,3,4,3,4,720;1800,false,false,2026-09-05
55003,https://find-sake.me/sake/55003,獅子の里 純米吟醸,ししのさと じゅんまいぎんじょう,Shishi-no-sato Junmai Ginjo,10016,松浦酒造有限会社,Matsuura Shuzo,https://find-sake.me/brewery/10016,https://shishinosato.com/,純米吟醸,八反錦,60,16,,,,,,,,,,C:バナナ系,中庸・バランス系,3,3,4,4,4,4,4,720;1800,false,false,2026-09-07
892,https://find-sake.me/sake/892,獅子の里 純米吟醸 旬,ししのさと じゅんまいぎんじょう しゅん,Shishi-no-sato Junmai Ginjo Shun,10016,松浦酒造有限会社,Matsuura Shuzo,https://find-sake.me/brewery/10016,https://shishinosato.com/,純米吟醸,山田錦,55,14,-3,,金沢酵母,白山・手取川水系,,,,,,A:メロン・白桃系,中庸・バランス系,1,2,4,2,3,3,5,720,false,false,2026-08-20
657,https://find-sake.me/sake/657,獅子の里 純米吟醸 無垢,ししのさと じゅんまいぎんじょう むく,Shishi-no-sato Junmai Ginjo Muku,10016,松浦酒造有限会社,Matsuura Shuzo,https://find-sake.me/brewery/10016,https://shishinosato.com/,純米吟醸,八反錦（広島県産）,60,16,-1,1.8,金沢酵母,山中温泉の超軟水（医王寺湧水）,,しぼりたて,生酒,,,C:バナナ系,中庸・バランス系,2,4,3,4,3,4,4,720;1800,false,false,2026-09-05
45818,https://find-sake.me/sake/45818,獅子の里 純米吟醸 無垢 おりがらみ生酒,ししのさと じゅんまいぎんじょう むく おりがらみなまざけ,Shishi-no-sato Junmai Ginjo Muku Origarami Namazake,10016,松浦酒造有限会社,Matsuura Shuzo,https://find-sake.me/brewery/10016,https://shishinosato.com/,純米吟醸,八反錦（広島県産）,60,16,-1,1.7,金沢酵母,山中温泉の超軟水（医王寺湧水）,,おりがらみ,生酒,,true,C:バナナ系,中庸・バランス系,2,4,3,4,4,4,4,720;1800,false,false,2026-09-05
6189,https://find-sake.me/sake/6189,獅子の里 純米吟醸 糀 オリゼー 無ろ過生酒,ししのさと じゅんまいぎんじょう こうじ おりぜー むろかなまざけ,Shishi-no-sato Junmai Ginjo Koji Oryzae Muroka Namazake,10016,松浦酒造有限会社,Matsuura Shuzo,https://find-sake.me/brewery/10016,https://shishinosato.com/,純米吟醸,糀米：雄町、掛米：山田錦,55,15,,,,山中温泉の超軟水（医王寺湧水）,,無濾過,生酒,,,A:メロン・白桃系,中庸・バランス系,3,4,4,3,4,3,3,720;1800,false,false,2026-09-05
29690,https://find-sake.me/sake/29690,獅子の里 純米吟醸 絆 ひやおろし,ししのさと じゅんまいぎんじょう きずな ひやおろし,Shishi-no-sato Junmai Ginjo Kizuna Hiyaoroshi,10016,松浦酒造有限会社,Matsuura Shuzo,https://find-sake.me/brewery/10016,https://shishinosato.com/,純米吟醸,,60,16,3,,,,,,ひやおろし（生詰め）,,,D:熟成系,中庸・バランス系,4,3,4,2,3,4,4,720,false,false,2026-09-22
48660,https://find-sake.me/sake/48660,獅子の里 純米吟醸 絆 生酒,ししのさと じゅんまいぎんじょう きずな なまざけ,Shishi-no-sato Junmai Ginjo Kizuna Namazake,10016,松浦酒造有限会社,Matsuura Shuzo,https://find-sake.me/brewery/10016,https://shishinosato.com/,純米吟醸,百万石乃白（石川県加賀市産）,60,16,-1,,,山中温泉の超軟水（医王寺湧水）,,,生酒,,,B:青リンゴ・レモン系,中庸・バランス系,3,3,3,3,3,4,4,720;1800,false,false,2026-09-05
5515,https://find-sake.me/sake/5515,獅子の里 純米吟醸 絆 秋あがり,ししのさと じゅんまいぎんじょう きずな あきあがり,Shishi-no-sato Junmai Ginjo Kizuna Akiagari,10016,松浦酒造有限会社,Matsuura Shuzo,https://find-sake.me/brewery/10016,https://shishinosato.com/,純米吟醸,百万石乃白（石川県産）,60,16,-1,,金沢酵母,山中温泉の超軟水（医王寺湧水）,,,秋あがり,,,D:熟成系,中庸・バランス系,2,3,4,4,3,4,4,720;1800,false,false,2026-09-05
50390,https://find-sake.me/sake/50390,獅子の里 純米吟醸 酒未来,ししのさと じゅんまいぎんじょう さけみらい,Shishi-no-sato Junmai Ginjo Sake Mirai,10016,松浦酒造有限会社,Matsuura Shuzo,https://find-sake.me/brewery/10016,https://shishinosato.com/,純米吟醸,酒未来,55,16,1,1.6,金沢酵母,能登水系,,,,,,B:青リンゴ・レモン系,中庸・バランス系,4,3,3,3,3,4,5,720;1800,false,false,2026-09-07
63166,https://find-sake.me/sake/63166,獅子の里 純米吟醸 酒未来 おりがらみ生酒,ししのさと じゅんまいぎんじょう さけみらい おりがらみなまざけ,Shishi-no-sato Junmai Ginjo Sake Mirai Origarami Namazake,10016,松浦酒造有限会社,Matsuura Shuzo,https://find-sake.me/brewery/10016,https://shishinosato.com/,純米吟醸,酒未来（山形県産100%）,55,16,-3,,金沢酵母,白山・手取川水系,,おりがらみ,生酒,,true,A:メロン・白桃系,爽快・リンゴ酸系,1,4,4,3,4,4,4,720,false,false,2026-09-06
28635,https://find-sake.me/sake/28635,獅子の里 純米大吟醸,ししのさと じゅんまいだいぎんじょう,Shishi-no-sato Junmai Daiginjo,10016,松浦酒造有限会社,Matsuura Shuzo,https://find-sake.me/brewery/10016,https://shishinosato.com/,純米大吟醸,山田錦100%（兵庫県産）,40,16,3,,,,,,,,,,中庸・バランス系,3,3,3,4,3,3,4,720,false,false,2026-08-30
12426,https://find-sake.me/sake/12426,獅子の里 純米大吟醸 凛,ししのさと じゅんまいだいぎんじょう りん,Shishi-no-sato Junmai Daiginjo Rin,10016,松浦酒造有限会社,Matsuura Shuzo,https://find-sake.me/brewery/10016,https://shishinosato.com/,純米大吟醸,愛山,50,15,,,明利酵母,能登水系,,,,,,A:メロン・白桃系,爽快・リンゴ酸系,2,3,3,5,2,4,5,720;1800,false,false,2026-08-20
15950,https://find-sake.me/sake/15950,獅子の里 純米酒,ししのさと じゅんまいしゅ,Shishi-no-sato Junmaishu,10016,松浦酒造有限会社,Matsuura Shuzo,https://find-sake.me/brewery/10016,https://shishinosato.com/,純米酒,出羽燦々,65,15,,,,能登水系,,,,,,E:穀物・ふくよか系,中庸・バランス系,4,3,4,2,3,4,5,720,false,false,2026-08-20
34817,https://find-sake.me/sake/34817,獅子の里 超辛純米酒,ししのさと ちょうからじゅんまいしゅ,Shishi-no-sato Chokara Junmaishu,10016,松浦酒造有限会社,Matsuura Shuzo,https://find-sake.me/brewery/10016,https://shishinosato.com/,純米,,65,16,,,,,,,,,,C:バナナ系,爽快・リンゴ酸系,5,4,3,3,2,5,4,720;1800,false,false,2026-09-07
15956,https://find-sake.me/sake/15956,獅子の里 超辛純米酒 秋あがり,ししのさと ちょうからじゅんまいしゅ あきあがり,Shishi-no-sato Chokara Junmaishu Akiagari,10016,松浦酒造有限会社,Matsuura Shuzo,https://find-sake.me/brewery/10016,https://shishinosato.com/,純米,糀米：八反錦（広島県産）、掛米：石川門（石川県産）,65,18,10,1.8,熊本酵母（KA-4）,,,,秋あがり、原酒,,,D:熟成系,中庸・バランス系,5,4,4,3,5,5,2,720;1800,false,false,2026-09-07
63572,https://find-sake.me/sake/63572,獅子の里 鮮 純米吟醸 生酒 微発泡性,ししのさと せん じゅんまいぎんじょう なまざけ びはっぽうせい,Shishi-no-sato Sen Junmai Ginjo Namazake Bihapposei,10016,松浦酒造有限会社,Matsuura Shuzo,https://find-sake.me/brewery/10016,https://shishinosato.com/,純米吟醸,山田錦,50,13,,,,,,にごり,生酒,,true,,爽快・リンゴ酸系,2,4,4,3,3,4,5,375,false,false,2026-08-20
52850,https://find-sake.me/sake/52850,瑞秀 中汲み囲い 特別栽培米 契約栽培 山田錦 純米大吟醸,みずほ なかぐみがこい とくべつさいばいまい けいやくさいばい やまだにしき じゅんまいだいぎんじょう,Mizuho Nakagumi-gakoi Tokubetsu Saibaimai Keiyaku Saibai Yamada Nishiki Junmai Daiginjo,10004,株式会社福光屋,Fukumitsuya,https://find-sake.me/brewery/10004,https://www.fukumitsuya.co.jp/,純米大吟醸,山田錦,40,16,6,1.5,,,,中取り,原酒,,,A:メロン・白桃系,中庸・バランス系,4,4,3,4,5,4,4,720,false,false,2026-08-20
53440,https://find-sake.me/sake/53440,瑞秀 中汲み囲い 秘蔵 特別栽培米 契約栽培 山田錦 純米大吟醸,みずほ なかぐみがこい ひぞう とくべつさいばいまい けいやくさいばい やまだにしき じゅんまいだいぎんじょう,Mizuho Nakagumi-gakoi Hizo Tokubetsu Saibaimai Keiyaku Saibai Yamada Nishiki Junmai Daiginjo,10004,株式会社福光屋,Fukumitsuya,https://find-sake.me/brewery/10004,https://www.fukumitsuya.co.jp/,純米大吟醸,山田錦,40,16,5,1.5,,白山・手取川水系,,中取り,原酒,,,D:熟成系,中庸・バランス系,3,4,4,5,5,4,4,720,false,false,2026-08-20
27158,https://find-sake.me/sake/27158,瑞秀 中汲み囲い 粒撰 有機栽培米 契約栽培 山廃仕込 山田錦 純米大吟醸,みずほ なかぐみがこい つぶより ゆうきさいばいまい けいやくさいばい やまはいじこみ やまだにしき じゅんまいだいぎんじょう,Mizuho Nakagumi-gakoi Tsubuyori Yuki Saibaimai Keiyaku Saibai Yamahai Jikomi Yamada Nishiki Junmai Daiginjo,10004,株式会社福光屋,Fukumitsuya,https://find-sake.me/brewery/10004,https://www.fukumitsuya.co.jp/,純米大吟醸,山田錦,40,16,11,1.1,,白山・手取川水系,山廃仕込み,中取り,原酒,,,A:メロン・白桃系,重厚・乳酸系,4,4,5,5,5,3,3,720,false,false,2026-08-20
51895,https://find-sake.me/sake/51895,瑞秀 中汲み囲い 粒撰 特別契約栽培 穂先米 粒撰 山廃仕込 山田錦 純米大吟醸,みずほ なかぐみがこい つぶより とくべつけいやくさいばい ほさきまい つぶより やまはいじこみ やまだにしき じゅんまいだいぎんじょう,Mizuho Nakagumi-gakoi Tsubuyori Tokubetsu Keiyaku Saibai Hosakimai Tsubuyori Yamahai Jikomi Yamada Nishiki Junmai Daiginjo,10004,株式会社福光屋,Fukumitsuya,https://find-sake.me/brewery/10004,https://www.fukumitsuya.co.jp/,純米大吟醸,山田錦,40,16,5,1.9,,白山・手取川水系,山廃仕込み,中取り,,,,A:メロン・白桃系,重厚・乳酸系,3,5,5,5,5,4,3,720,false,false,2026-08-20
18168,https://find-sake.me/sake/18168,町野川 本醸造,まちのがわ ほんじょうぞう,Machinogawa Honjozo,10029,中納酒造株式会社,Chuno Shuzo,https://find-sake.me/brewery/10029,,本醸造,,,,,,,能登水系,,,,,,E:穀物・ふくよか系,中庸・バランス系,3,3,2,2,2,4,4,,false,false,2026-08-20
52302,https://find-sake.me/sake/52302,百々登勢 三十年 長期熟成 純米酒,ももとせ さんじゅうねん ちょうきじゅくせい じゅんまいしゅ,Momotose Sanjunen Choki Jukusei Junmaishu,10004,株式会社福光屋,Fukumitsuya,https://find-sake.me/brewery/10004,https://www.fukumitsuya.co.jp/,純米酒,国産米100%,65,18,-4,1.9,,白山・手取川水系,熟成古酒,,原酒,,,D:熟成系,重厚・乳酸系,3,5,5,2,5,1,1,720,false,false,2026-08-20
64294,https://find-sake.me/sake/64294,百々登勢 二十年 長期熟成 純米酒,ももとせ にじゅうねん ちょうきじゅくせい じゅんまいしゅ,Momotose Nijunen Choki Jukusei Junmaishu,10004,株式会社福光屋,Fukumitsuya,https://find-sake.me/brewery/10004,https://www.fukumitsuya.co.jp/,純米酒,山田錦、五百万石,70,17,3,1.8,,白山・手取川水系,熟成古酒,,古酒,,,D:熟成系,重厚・乳酸系,4,5,5,3,5,2,2,500,false,false,2026-08-20
960,https://find-sake.me/sake/960,百々登勢 五年 長期熟成 純米酒,ももとせ ごねん ちょうきじゅくせい じゅんまいしゅ,Momotose Gonen Choki Jukusei Junmaishu,10004,株式会社福光屋,Fukumitsuya,https://find-sake.me/brewery/10004,https://www.fukumitsuya.co.jp/,純米酒,国産米100%,65,17,5,1.6,,白山・手取川水系,熟成古酒,,原酒,,,D:熟成系,重厚・乳酸系,4,4,5,4,5,3,2,720,false,false,2026-08-20
38008,https://find-sake.me/sake/38008,百々登勢 十年 長期熟成 純米酒,ももとせ じゅうねん ちょうきじゅくせい じゅんまいしゅ,Momotose Junen Choki Jukusei Junmaishu,10004,株式会社福光屋,Fukumitsuya,https://find-sake.me/brewery/10004,https://www.fukumitsuya.co.jp/,純米酒,国産米,65,17,-3,2,,,熟成古酒,,,,,,,3,5,5,4,5,2,2,720,false,false,2026-08-20
51478,https://find-sake.me/sake/51478,百石酒屋のおやじの手造り,ひゃっこくさかやのおやじのてづくり,Hyakkokusakaya no Oyaji no Tezukuri,10027,合名会社中島酒造店,Nakajima Shuzoten,https://find-sake.me/brewery/10027,https://www.notosuehiro.com/,純米吟醸,五百万石94%（山田錦6%）,50,17,,,金沢酵母,能登水系,,,,,,C:バナナ系,中庸・バランス系,4,3,4,4,4,4,3,720;1800,false,false,2026-08-20
44936,https://find-sake.me/sake/44936,真艫 本醸造 原酒,まとも ほんじょうぞう げんしゅ,Matomo Honjozo Genshu,10034,橋本酒造株式会社,Hashimoto Shuzo,https://find-sake.me/brewery/10034,https://judaime.com/,本醸造,五百万石,55,18.5,4,1.7,,,,木槽酒袋しぼり（袋搾り）,原酒,,,,中庸・バランス系,4,4,3,2,5,5,2,720;1800,false,false,2026-09-04
59577,https://find-sake.me/sake/59577,神泉 スプリングオブゴット 純米吟醸,しんせん すぷりんぐおぶごっど じゅんまいぎんじょう,Shinsen Spring of God Junmai Ginjo,10015,東酒造株式会社,Higashi Shuzo,https://find-sake.me/brewery/10015,http://www.sake-sinsen.co.jp/,純米吟醸,石川門,60,13,,,,白山・手取川水系,,,原酒,,,B:青リンゴ・レモン系,爽快・リンゴ酸系,3,4,2,3,3,5,5,720,true,true,2026-08-20
17229,https://find-sake.me/sake/17229,神泉 フィーチャリング能登末廣 純米吟醸,しんせん ふぃーちゃりんぐのとすえひろ じゅんまいぎんじょう,Shinsen featuring Noto Suehiro Junmai Ginjo,10015,東酒造株式会社,Higashi Shuzo,https://find-sake.me/brewery/10015,http://www.sake-sinsen.co.jp/,純米吟醸,五百万石等,60,15,,,金沢酵母＋末廣酵母,白山・手取川水系,,,,,,A:メロン・白桃系,中庸・バランス系,2,3,4,4,4,3,4,720,true,true,2026-08-20
7894,https://find-sake.me/sake/7894,神泉 吟醸本生,しんせん ぎんじょうほんなま,Shinsen Ginjo Honnama,10015,東酒造株式会社,Higashi Shuzo,https://find-sake.me/brewery/10015,http://www.sake-sinsen.co.jp/,吟醸酒,五百万石,60,15,5,,協会9号酵母,白山・手取川水系,,,生酒,,,B:青リンゴ・レモン系,爽快・リンゴ酸系,4,3,3,4,3,4,5,300,true,true,2026-08-20
27567,https://find-sake.me/sake/27567,神泉 吟醸酒,しんせん ぎんじょうしゅ,Shinsen Ginjoshu,10015,東酒造株式会社,Higashi Shuzo,https://find-sake.me/brewery/10015,http://www.sake-sinsen.co.jp/,吟醸酒,五百万石,60,15,,,協会9号酵母,白山・手取川水系,,,,,,A:メロン・白桃系,爽快・リンゴ酸系,4,3,2,3,2,4,3,300;720,true,true,2026-08-20
60552,https://find-sake.me/sake/60552,神泉 大吟醸,しんせん だいぎんじょう,Shinsen Daiginjo,10015,東酒造株式会社,Higashi Shuzo,https://find-sake.me/brewery/10015,http://www.sake-sinsen.co.jp/,大吟醸,山田錦（兵庫県産）,40,17,1,1.5,金沢酵母,白山・手取川水系,,,,,,A:メロン・白桃系,中庸・バランス系,4,3,4,4,4,2,3,300;720;1800,true,true,2026-08-20
2302,https://find-sake.me/sake/2302,神泉 懐石酒 回,しんせん かいせきしゅ かい,Shinsen Kaisekishu Kai,10015,東酒造株式会社,Higashi Shuzo,https://find-sake.me/brewery/10015,http://www.sake-sinsen.co.jp/,本醸造,五百万石,70,15,,,,,熟成古酒,,,,,,,3,3,5,3,3,4,2,720,true,true,2026-08-20
64999,https://find-sake.me/sake/64999,神泉 本醸造ひやおろし,しんせん ほんじょうぞうひやおろし,Shinsen Honjozo Hiyaoroshi,10015,東酒造株式会社,Higashi Shuzo,https://find-sake.me/brewery/10015,http://www.sake-sinsen.co.jp/,本醸造,五百万石,70,19,,,,白山・手取川水系,,無濾過,ひやおろし、原酒,,,D:熟成系,中庸・バランス系,3,2,4,2,5,2,2,720;1800,true,true,2026-08-20
601,https://find-sake.me/sake/601,神泉 無濾過生原酒 神泉大吟醸 黒ラベル,しんせん むろかなまげんしゅ しんせんだいぎんじょう くろらべる,Shinsen Muroka Nama Genshu Shinsen Daiginjo Kuro Label,10015,東酒造株式会社,Higashi Shuzo,https://find-sake.me/brewery/10015,http://www.sake-sinsen.co.jp/,大吟醸,山田錦,40,17,,,,白山・手取川水系,,無濾過,生酒、原酒,,,A:メロン・白桃系,中庸・バランス系,3,3,4,4,5,2,3,720,true,true,2026-08-20
12890,https://find-sake.me/sake/12890,神泉 無濾過生酒 純米大吟醸,しんせん むろかなまざけ じゅんまいだいぎんじょう,Shinsen Muroka Namazake Junmai Daiginjo,10015,東酒造株式会社,Higashi Shuzo,https://find-sake.me/brewery/10015,http://www.sake-sinsen.co.jp/,純米大吟醸,山田錦,50,15,,,,白山・手取川水系,,無濾過生,生酒,,,A:メロン・白桃系,中庸・バランス系,3,2,4,4,3,4,5,720,true,true,2026-08-20
16488,https://find-sake.me/sake/16488,神泉 純吟乃白 純米吟醸,しんせん じゅんぎんのしろ じゅんまいぎんじょう,Shinsen Jungin-no-shiro Junmai Ginjo,10015,東酒造株式会社,Higashi Shuzo,https://find-sake.me/brewery/10015,http://www.sake-sinsen.co.jp/,純米吟醸,百万石乃白,55,15,1,,金沢酵母,,,,,,,A:メロン・白桃系,中庸・バランス系,3,3,3,3,3,2,2,300;720;1800,true,true,2026-08-20
52407,https://find-sake.me/sake/52407,神泉 純米吟醸 BLUE LABEL,しんせん じゅんまいぎんじょう ぶるー らべる,Shinsen Junmai Ginjo Blue Label,10015,東酒造株式会社,Higashi Shuzo,https://find-sake.me/brewery/10015,http://www.sake-sinsen.co.jp/,純米吟醸,山田錦（石川県産）,60,15,4,,金沢酵母,白山・手取川水系,,,,,,B:青リンゴ・レモン系,爽快・リンゴ酸系,4,3,4,4,4,4,4,180;300;720;1800,true,true,2026-08-20
52591,https://find-sake.me/sake/52591,神泉 純米吟醸 夕焼け,しんせん じゅんまいぎんじょう ゆうやけ,Shinsen Junmai Ginjo Yuyake,10015,東酒造株式会社,Higashi Shuzo,https://find-sake.me/brewery/10015,http://www.sake-sinsen.co.jp/,純米吟醸,五百万石,60,15,,,,白山・手取川水系,,,,,,A:メロン・白桃系,中庸・バランス系,2,3,4,4,4,3,4,720,true,true,2026-08-20
8382,https://find-sake.me/sake/8382,神泉 純米吟醸 旨口,しんせん じゅんまいぎんじょう うまくち,Shinsen Junmai Ginjo Umakuchi,10015,東酒造株式会社,Higashi Shuzo,https://find-sake.me/brewery/10015,http://www.sake-sinsen.co.jp/,純米吟醸,五百万石、山田錦等,60,14,-10,1.6,金沢酵母,白山・手取川水系,,,,,,A:メロン・白桃系,中庸・バランス系,1,4,4,3,3,4,5,180;300;720;1800,true,true,2026-08-20
9188,https://find-sake.me/sake/9188,神泉 純米吟醸 爽醇,しんせん じゅんまいぎんじょう そうじゅん,Shinsen Junmai Ginjo Sojun,10015,東酒造株式会社,Higashi Shuzo,https://find-sake.me/brewery/10015,http://www.sake-sinsen.co.jp/,純米吟醸,石川門、五百万石,60,13,,,,白山・手取川水系,,,低アル原酒,,,B:青リンゴ・レモン系,爽快・リンゴ酸系,3,4,2,3,3,5,5,720,true,true,2026-08-20
61580,https://find-sake.me/sake/61580,神泉 純米吟醸 空,しんせん じゅんまいぎんじょう そら,Shinsen Junmai Ginjo Sora,10015,東酒造株式会社,Higashi Shuzo,https://find-sake.me/brewery/10015,http://www.sake-sinsen.co.jp/,純米吟醸酒,五百万石,60,15,,,,,,,生酒,,,,,4,3,3,3,2,5,5,720,true,true,2026-08-20
51672,https://find-sake.me/sake/51672,神泉 純米吟醸ひやおろし,しんせん じゅんまいぎんじょうひやおろし,Shinsen Junmai Ginjo Hiyaoroshi,10015,東酒造株式会社,Higashi Shuzo,https://find-sake.me/brewery/10015,http://www.sake-sinsen.co.jp/,純米吟醸,山田錦,60,17,5,,,白山・手取川水系,,,ひやおろし,,,D:熟成系,中庸・バランス系,4,3,4,3,4,4,4,720,true,true,2026-08-20
50921,https://find-sake.me/sake/50921,神泉 純米大吟醸,しんせん じゅんまいだいぎんじょう,Shinsen Junmai Daiginjo,10015,東酒造株式会社,Higashi Shuzo,https://find-sake.me/brewery/10015,http://www.sake-sinsen.co.jp/,純米大吟醸,山田錦（兵庫県産）,50,17,1,1.6,金沢酵母,白山の伏流水,,,,,,A:メロン・白桃系,中庸・バランス系,3,3,4,4,4,3,3,300;720;1800,true,true,2026-08-20
2508,https://find-sake.me/sake/2508,神泉 純米大吟醸AZALEE,しんせん じゅんまいだいぎんじょうあざれ,Shinsen Junmai Daiginjo Azalee,10015,東酒造株式会社,Higashi Shuzo,https://find-sake.me/brewery/10015,http://www.sake-sinsen.co.jp/,純米大吟醸,百万石乃白,50,11,,,のとキリシマツツジ酵母,白山・手取川水系,,,,,,A:メロン・白桃系,爽快・リンゴ酸系,1,4,3,3,3,2,5,500,true,true,2026-08-20
43050,https://find-sake.me/sake/43050,神泉 純米大吟醸BLANC,しんせん じゅんまいだいぎんじょうぶらん,Shinsen Junmai Daiginjo Blanc,10015,東酒造株式会社,Higashi Shuzo,https://find-sake.me/brewery/10015,http://www.sake-sinsen.co.jp/,純米大吟醸,百万石乃白,50,15,,,金沢酵母、のとキリシマツツジ酵母,白山・手取川水系,,,,,,A:メロン・白桃系,爽快・リンゴ酸系,2,4,3,4,2,5,5,720;1800,true,true,2026-08-20
42128,https://find-sake.me/sake/42128,神泉 純米酒,しんせん じゅんまいしゅ,Shinsen Junmaishu,10015,東酒造株式会社,Higashi Shuzo,https://find-sake.me/brewery/10015,http://www.sake-sinsen.co.jp/,純米酒,五百万石,60,15,5,,協会9号酵母,,,,,,,B:青リンゴ・レモン系,中庸・バランス系,4,3,4,3,4,3,4,180;300;720;1800,true,true,2026-08-20
24115,https://find-sake.me/sake/24115,神泉 萬延元年 大吟醸 2000BY 石蔵長期熟成酒,しんせん まんえんがんねん だいぎんじょう 2000びーわい いしぐらちょうきじゅくせいしゅ,Shinsen Man'en Gannen Daiginjo 2000BY Ishigura Choki Jukuseishu,10015,東酒造株式会社,Higashi Shuzo,https://find-sake.me/brewery/10015,http://www.sake-sinsen.co.jp/,大吟醸酒,山田錦,35,17,,,,,熟成古酒,,,,,,,3,3,4,3,4,3,1,720,true,true,2026-08-20
55704,https://find-sake.me/sake/55704,神泉 金賞受賞酒 大吟醸,しんせん きんしょうじゅしょうしゅ だいぎんじょう,Shinsen Kinsho Jushoshu Daiginjo,10015,東酒造株式会社,Higashi Shuzo,https://find-sake.me/brewery/10015,http://www.sake-sinsen.co.jp/,大吟醸酒,山田錦,35,17,,,金沢酵母,,,,,,,,,3,2,3,4,4,4,4,720,true,true,2026-08-20
54254,https://find-sake.me/sake/54254,神泉大吟醸 古酒,しんせんだいぎんじょう こしゅ,Shinsen Daiginjo Koshu,10015,東酒造株式会社,Higashi Shuzo,https://find-sake.me/brewery/10015,http://www.sake-sinsen.co.jp/,大吟醸,山田錦,40,17,,,金沢酵母,白山・手取川水系,,,古酒,,,D:熟成系,中庸・バランス系,4,3,5,4,4,2,3,1800,true,true,2026-08-20
65313,https://find-sake.me/sake/65313,福 金箔入り純米吟醸,ふく きんぱくいりじゅんまいぎんじょう,Fuku Kinpaku-iri Junmai Ginjo,10017,株式会社宮本酒造店,Miyamoto Shuzoten,https://find-sake.me/brewery/10017,http://www.mujou.co.jp/,純米吟醸,五百万石,55,15.5,3,1.6,,,,,,,,A:メロン・白桃系,,3,4,4,4,4,4,4,500,false,false,2026-08-20
10138,https://find-sake.me/sake/10138,福正宗 かがやき金沢 純米吟醸 純金箔入,ふくまさむね かがやきかなざわ じゅんまいぎんじょう じゅんきんぱくいり,Fukumasamune Kagayaki Kanazawa Junmai Ginjo Jun-kinpaku-iri,10004,株式会社福光屋,Fukumitsuya,https://find-sake.me/brewery/10004,https://www.fukumitsuya.co.jp/,純米吟醸,全量契約栽培米・酒造好適米使用,60,14,7,1.3,,,,,,,,B:青リンゴ・レモン系,中庸・バランス系,4,3,4,4,3,4,5,500,false,false,2026-08-20
24356,https://find-sake.me/sake/24356,福正宗 友白髪 銀ラベル,ふくまさむね ともしらが ぎんらべる,Fukumasamune Tomoshiraga Gin Label,10004,株式会社福光屋,Fukumitsuya,https://find-sake.me/brewery/10004,https://www.fukumitsuya.co.jp/,特別純米,国産米（契約栽培米・酒造好適米使用（麹米））,36,14,2,1.7,,白山・手取川水系,,,,,,E:穀物・ふくよか系,中庸・バランス系,4,4,4,2,3,3,4,1800,false,false,2026-08-20
20525,https://find-sake.me/sake/20525,福正宗 氷温生貯蔵酒 辛口 ドライ,ふくまさむね ひょうおんなまちょぞうしゅ からくち どらい,Fukumasamune Hyoon Nama Chozoshu Karakuchi Dry,10004,株式会社福光屋,Fukumitsuya,https://find-sake.me/brewery/10004,https://www.fukumitsuya.co.jp/,純米酒,,70,14,10,1.6,,,,,生貯蔵酒,,,,中庸・バランス系,5,4,4,3,3,4,3,180;300,false,false,2026-09-07
24160,https://find-sake.me/sake/24160,福正宗 氷温貯蔵 生酒 氷室献上 純米大吟醸,ふくまさむね ひょうおんちょぞう なまざけ ひむろけんじょう じゅんまいだいぎんじょう,Fukumasamune Hyoon Chozo Namazake Himuro Kenjo Junmai Daiginjo,10004,株式会社福光屋,Fukumitsuya,https://find-sake.me/brewery/10004,https://www.fukumitsuya.co.jp/,純米大吟醸,山田錦,50,16,3.2,1.3,,白山・手取川水系,,,生酒 / 氷温貯蔵,,,A:メロン・白桃系,,3,3,4,5,4,4,3,720,false,false,2026-08-20
18395,https://find-sake.me/sake/18395,福正宗 爽快純米 生詰,ふくまさむね そうかいじゅんまい なまづめ,Fukumasamune Sokai Junmai Namazume,10004,株式会社福光屋,Fukumitsuya,https://find-sake.me/brewery/10004,https://www.fukumitsuya.co.jp/,純米酒,,75,15,3,1.8,,,,,生詰,,,,爽快・リンゴ酸系,4,5,5,1,5,3,3,720;1800,false,false,2026-09-07
2645,https://find-sake.me/sake/2645,福正宗 特別純米 銀ラベル,ふくまさむね とくべつじゅんまい ぎんらべる,Fukumasamune Tokubetsu Junmai Gin Label,10004,株式会社福光屋,Fukumitsuya,https://find-sake.me/brewery/10004,https://www.fukumitsuya.co.jp/,特別純米酒,,70,14,2,1.7,,,純米吟醸酒混和20%,,,,,,中庸・バランス系,4,4,4,2,3,3,4,180;300;720;1800,false,false,2026-09-07
58328,https://find-sake.me/sake/58328,福正宗 特撰 金ラベル,ふくまさむね とくせん きんらべる,Fukumasamune Tokusen Kin Label,10004,株式会社福光屋,Fukumitsuya,https://find-sake.me/brewery/10004,https://www.fukumitsuya.co.jp/,純米酒,,60,14,4,1.5,,,,,,,,,中庸・バランス系,4,4,4,3,4,3,4,1800,false,false,2026-08-20
1759,https://find-sake.me/sake/1759,福正宗 純米にごり酒 しろき,ふくまさむね じゅんまいにごりざけ しろき,Fukumasamune Junmai Nigorizake Shiroki,10004,株式会社福光屋,Fukumitsuya,https://find-sake.me/brewery/10004,https://www.fukumitsuya.co.jp/,純米,フクノハナ,65,16,-2,2,,白山・手取川水系,瓶内二次発酵,にごり,,,,B:青リンゴ・レモン系,,3,5,5,2,5,3,2,300;720,false,false,2026-09-07
27714,https://find-sake.me/sake/27714,福正宗 純米吟醸 にごり酒・生 しろき,ふくまさむね じゅんまいぎんじょう にごりざけ なま しろき,Fukumasamune Junmai Ginjo Nigorizake Nama Shiroki,10004,株式会社福光屋,Fukumitsuya,https://find-sake.me/brewery/10004,https://www.fukumitsuya.co.jp/,純米吟醸,フクノハナ100%（全量契約栽培米・特別栽培米）,59,16,-6,1.7,,百年水,,にごり,生酒,,true,,中庸・バランス系,2,4,4,3,4,4,3,720,false,false,2026-08-20
36819,https://find-sake.me/sake/36819,福正宗 純米吟醸原酒 金澤,ふくまさむね じゅんまいぎんじょうげんしゅ かなざわ,Fukumasamune Junmai Ginjo Genshu Kanazawa,10004,株式会社福光屋,Fukumitsuya,https://find-sake.me/brewery/10004,https://www.fukumitsuya.co.jp/,純米吟醸,石川門100%（石川県産）,60,18,5,1.6,金沢酵母,百年水,,,原酒,,,C:バナナ系,中庸・バランス系,3,4,4,4,5,4,3,720,false,false,2026-09-07
40812,https://find-sake.me/sake/40812,福正宗 純米大吟醸 金澤,ふくまさむね じゅんまいだいぎんじょう かなざわ,Fukumasamune Junmai Daiginjo Kanazawa,10004,株式会社福光屋,Fukumitsuya,https://find-sake.me/brewery/10004,https://www.fukumitsuya.co.jp/,純米大吟醸,山田錦100%（兵庫県多可町中区産・全量契約栽培米）,50,15,4,1.4,自社酵母,百年水,,,,,,A:メロン・白桃系,中庸・バランス系,3,3,4,4,3,4,4,300,false,false,2026-09-07
41024,https://find-sake.me/sake/41024,福正宗 純米大吟醸原酒 金澤,ふくまさむね じゅんまいだいぎんじょうげんしゅ かなざわ,Fukumasamune Junmai Daiginjo Genshu Kanazawa,10004,株式会社福光屋,Fukumitsuya,https://find-sake.me/brewery/10004,https://www.fukumitsuya.co.jp/,純米大吟醸,山田錦100%（契約栽培米・特別栽培米）,50,17,2,1.6,自社酵母,百年水,,,原酒,,,A:メロン・白桃系,中庸・バランス系,3,4,4,5,5,4,2,,false,false,2026-09-07
51872,https://find-sake.me/sake/51872,福正宗 純米辛口 生詰,ふくまさむね じゅんまいからくち なまづめ,Fukumasamune Junmai Karakuchi Namazume,10004,株式会社福光屋,Fukumitsuya,https://find-sake.me/brewery/10004,https://www.fukumitsuya.co.jp/,純米酒,,70,14,2,1.8,黒麹,,黒麹仕込み,,生詰,,,B:青リンゴ・レモン系,爽快・リンゴ酸系,4,5,4,2,4,4,4,180;300;720;1800,false,false,2026-09-07
51538,https://find-sake.me/sake/51538,福正宗 豪華 特撰純金箔入 純米酒,ふくまさむね ごうか とくせんじゅんきんぱくいり じゅんまいしゅ,Fukumasamune Goka Tokusen Jun-kinpaku-iri Junmaishu,10004,株式会社福光屋,Fukumitsuya,https://find-sake.me/brewery/10004,https://www.fukumitsuya.co.jp/,純米,全量契約栽培米、酒造好適米使用（麹米）国産米100%,70,14,2,1.7,,白山の麓より百の時をかけて辿り着く清冽な仕込み水,,,,,,,中庸・バランス系,4,4,5,2,4,3,2,720,false,false,2026-08-20
60596,https://find-sake.me/sake/60596,福正宗 酒歳時記 夏やすみ 爽涼微発泡 2026,ふくまさむね さけさいじき なつやすみ そうりょうびはっぽう 2026,Fukumasamune Sake Saijiki Natsuyasumi Soryo Bihappo 2026,10004,株式会社福光屋,Fukumitsuya,https://find-sake.me/brewery/10004,https://www.fukumitsuya.co.jp/,,全量契約栽培米・特別栽培米使用 山田錦100%（兵庫県多可町産）,50,13,7.1,1.1,,,,,,,true,A:メロン・白桃系,爽快・リンゴ酸系,5,3,3,5,2,5,5,500,false,false,2026-08-20
2878,https://find-sake.me/sake/2878,福正宗 酒歳時記 秋あがり,ふくまさむね さけさいじき あきあがり,Fukumasamune Sake Saijiki Akiagari,10004,株式会社福光屋,Fukumitsuya,https://find-sake.me/brewery/10004,https://www.fukumitsuya.co.jp/,純米大吟醸,山田錦100%（兵庫県多可町中区産・全量契約栽培米）,50,15,5,1.4,,白山・手取川水系,,,ひやおろし,,,A:メロン・白桃系,中庸・バランス系,3,3,4,4,3,4,4,500,false,false,2026-08-30
36639,https://find-sake.me/sake/36639,福正宗 金沢涼風 純米吟醸 生貯蔵酒,ふくまさむね かなざわりょうふう じゅんまいぎんじょう なまちょぞうしゅ,Fukumasamune Kanazawa Ryofu Junmai Ginjo Nama Chozoshu,10004,株式会社福光屋,Fukumitsuya,https://find-sake.me/brewery/10004,https://www.fukumitsuya.co.jp/,純米吟醸,五百万石,60,16,5,1.1,金沢酵母,百年水,,,生貯蔵酒,,,C:バナナ系,中庸・バランス系,3,2,4,4,3,5,5,720,false,false,2026-08-20
35889,https://find-sake.me/sake/35889,福正宗 黒ラベル,ふくまさむね くろらべる,Fukumasamune Kuro Label,10004,株式会社福光屋,Fukumitsuya,https://find-sake.me/brewery/10004,https://www.fukumitsuya.co.jp/,純米酒,,70,14,2,1.6,,,,,,,,,中庸・バランス系,4,4,4,2,4,3,4,1800,false,false,2026-08-20
43730,https://find-sake.me/sake/43730,福正宗ひゃくまんボトル 純米大吟醸原酒,ふくまさむねひゃくまんぼとる じゅんまいだいぎんじょうげんしゅ,Fukumasamune Hyakuman Bottle Junmai Daiginjo Genshu,10004,株式会社福光屋,Fukumitsuya,https://find-sake.me/brewery/10004,https://www.fukumitsuya.co.jp/,純米大吟醸,山田錦,50,17,4,1.6,,白山・手取川水系,,,原酒,,,,中庸・バランス系,3,4,4,4,5,4,2,720,false,false,2026-08-20
14420,https://find-sake.me/sake/14420,禱と稔 フクノハナ,いのりとみのり ふくのはな,Inori to Minori Fukunohana,10004,株式会社福光屋,Fukumitsuya,https://find-sake.me/brewery/10004,https://www.fukumitsuya.co.jp/,純米酒,フクノハナ100%（兵庫県豊岡市出石町産・有機栽培）,65,15,5,1.5,,白山・手取川水系,,,古酒,,,D:熟成系,重厚・乳酸系,4,4,5,3,4,3,2,720,false,false,2026-08-20
51472,https://find-sake.me/sake/51472,禱と稔 山田錦,いのりとみのり やまだにしき,Inori to Minori Yamada Nishiki,10004,株式会社福光屋,Fukumitsuya,https://find-sake.me/brewery/10004,https://www.fukumitsuya.co.jp/,純米酒,山田錦100%（兵庫県多可町中区坂本産・有機栽培）,65,15,2,1.5,,白山・手取川水系,,,古酒,,,D:熟成系,重厚・乳酸系,3,4,5,3,4,3,3,720,false,false,2026-08-20
11323,https://find-sake.me/sake/11323,禱と稔 金紋錦,いのりとみのり きんもんにしき,Inori to Minori Kinmon Nishiki,10004,株式会社福光屋,Fukumitsuya,https://find-sake.me/brewery/10004,https://www.fukumitsuya.co.jp/,純米酒,金紋錦100%（長野県下高井郡木島平産・有機栽培）,65,15,2,1.7,,白山・手取川水系,,,古酒,,,D:熟成系,中庸・バランス系,4,4,4,2,4,4,3,720,false,false,2026-08-20
31558,https://find-sake.me/sake/31558,竹葉 Chikuha Oyster,ちくは おいすたー,Chikuha Oyster,10022,数馬酒造株式会社,Kazuma Shuzo,https://find-sake.me/brewery/10022,https://chikuha.co.jp/,純米,ゆめみづほ,70,15,,,ワイン酵母,能登水系,,,,,,C:バナナ系,爽快・リンゴ酸系,2,5,3,3,3,4,4,720,false,false,2026-08-20
47272,https://find-sake.me/sake/47272,竹葉 いか純米,ちくは いかじゅんまい,Chikuha Ika Junmai,10022,数馬酒造株式会社,Kazuma Shuzo,https://find-sake.me/brewery/10022,https://chikuha.co.jp/,純米,五百万石,60,15,,,海藻由来酵母,海洋深層水,,,,,,,,3,4,4,3,4,4,4,720,false,false,2026-08-20
11587,https://find-sake.me/sake/11587,竹葉 ごいたラベル,ちくは ごいたらべる,Chikuha Goita Label,10022,数馬酒造株式会社,Kazuma Shuzo,https://find-sake.me/brewery/10022,https://chikuha.co.jp/,純米吟醸酒,山田錦（能登産100%・契約栽培）,55,15,,,,能登水系,,,,,,,中庸・バランス系,3,3,4,4,3,4,4,720,false,false,2026-08-20
40419,https://find-sake.me/sake/40419,竹葉 しぼりたて生原酒,ちくは しぼりたてなまげんしゅ,Chikuha Shiboritate Nama Genshu,10022,数馬酒造株式会社,Kazuma Shuzo,https://find-sake.me/brewery/10022,https://chikuha.co.jp/,普通酒,能登産米100%,67,18,,,,能登水系,,無濾過,生酒,,,B:青リンゴ・レモン系,中庸・バランス系,4,3,4,4,4,4,5,720;1800,false,false,2026-09-07
37099,https://find-sake.me/sake/37099,竹葉 冷美酒クールビシュ,ちくは くーるびしゅ,Chikuha Cool Bishu,10022,数馬酒造株式会社,Kazuma Shuzo,https://find-sake.me/brewery/10022,https://chikuha.co.jp/,純米吟醸,五百万石,60,15,,,,能登水系,,,,,,A:メロン・白桃系,爽快・リンゴ酸系,2,4,3,4,2,4,5,720;1800,false,false,2026-08-20
35635,https://find-sake.me/sake/35635,竹葉 活性にごり酒,ちくは かっせいにごりざけ,Chikuha Kassei Nigorizake,10022,数馬酒造株式会社,Kazuma Shuzo,https://find-sake.me/brewery/10022,https://chikuha.co.jp/,普通酒,能登産米100%,67,18,,,,能登水系,活性にごり酒,粗濾過,生酒,,true,E:穀物・ふくよか系,中庸・バランス系,4,4,4,3,4,4,5,720,false,false,2026-08-20
23643,https://find-sake.me/sake/23643,竹葉 活性鬼にごり酒,ちくは かっせいおににごりざけ,Chikuha Kassei Oni Nigorizake,10022,数馬酒造株式会社,Kazuma Shuzo,https://find-sake.me/brewery/10022,https://chikuha.co.jp/,普通酒,能登産米100%,67,18,,,,能登水系,活性にごり酒,粗濾過,生酒,,true,E:穀物・ふくよか系,中庸・バランス系,4,4,4,3,4,4,5,720,false,false,2026-08-20
25456,https://find-sake.me/sake/25456,竹葉 生酛純米 奥能登,ちくは きもとじゅんまい おくのと,Chikuha Kimoto Junmai Okunoto,10022,数馬酒造株式会社,Kazuma Shuzo,https://find-sake.me/brewery/10022,https://chikuha.co.jp/,純米,五百万石,70,15,,,海藻酵母（Misaki酵母）,能登水系,生酛,,,,,C:バナナ系,爽快・リンゴ酸系,2,4,5,3,4,4,4,720;1800,false,false,2026-09-07
39050,https://find-sake.me/sake/39050,竹葉 生酛純米 奥能登 しずく 無濾過生原酒,ちくは きもとじゅんまい おくのと しずく むろかなまげんしゅ,Chikuha Kimoto Junmai Okunoto Shizuku Muroka Nama Genshu,10022,数馬酒造株式会社,Kazuma Shuzo,https://find-sake.me/brewery/10022,https://chikuha.co.jp/,純米,五百万石,70,16,,,海藻酵母,能登水系,古典的山廃,無濾過,生原酒,,true,A:メロン・白桃系,重厚・乳酸系,2,4,5,4,5,4,3,720,false,false,2026-08-20
38505,https://find-sake.me/sake/38505,竹葉 百万石乃白 大吟醸,ちくは ひゃくまんごくのしろ だいぎんじょう,Chikuha Hyakumangoku-no-shiro Daiginjo,10022,数馬酒造株式会社,Kazuma Shuzo,https://find-sake.me/brewery/10022,https://chikuha.co.jp/,大吟醸,百万石乃白,50,15,,,,,,,,,,,,2,3,2,5,1,5,5,720,false,false,2026-08-20
42050,https://find-sake.me/sake/42050,竹葉 百万石乃白 大吟醸 初しぼり,ちくは ひゃくまんごくのしろ だいぎんじょう はつしぼり,Chikuha Hyakumangoku-no-shiro Daiginjo Hatsushibori,10022,数馬酒造株式会社,Kazuma Shuzo,https://find-sake.me/brewery/10022,https://chikuha.co.jp/,大吟醸,百万石乃白,50,17,,,,能登水系,,初しぼり,生原酒,,true,A:メロン・白桃系,爽快・リンゴ酸系,3,3,3,5,4,5,4,300,false,false,2026-08-20
49014,https://find-sake.me/sake/49014,竹葉 純米 無濾過生原酒 石川門,ちくは じゅんまい むろかなまげんしゅ いしかわもん,Chikuha Junmai Muroka Nama Genshu Ishikawamon,10022,数馬酒造株式会社,Kazuma Shuzo,https://find-sake.me/brewery/10022,https://chikuha.co.jp/,純米,石川門,60,16,-2,,,能登水系,,無濾過,生酒,,,A:メロン・白桃系,中庸・バランス系,2,3,4,4,4,4,5,720;1800,false,false,2026-09-07
51868,https://find-sake.me/sake/51868,竹葉 純米しずく 無濾過生原酒,ちくは じゅんまいしずく むろかなまげんしゅ,Chikuha Junmai Shizuku Muroka Nama Genshu,10022,数馬酒造株式会社,Kazuma Shuzo,https://find-sake.me/brewery/10022,https://chikuha.co.jp/,純米,五百万石,60,18,1,1.9,,能登水系,,無濾過,生原酒,,true,B:青リンゴ・レモン系,爽快・リンゴ酸系,3,5,4,4,5,5,3,720,false,false,2026-08-20
58616,https://find-sake.me/sake/58616,竹葉 純米吟醸,ちくは じゅんまいぎんじょう,Chikuha Junmai Ginjo,10022,数馬酒造株式会社,Kazuma Shuzo,https://find-sake.me/brewery/10022,https://chikuha.co.jp/,純米吟醸,五百万石,50,15,2,2,金沢酵母1401号,,,,,,,,中庸・バランス系,3,5,3,4,3,4,5,720;1800,false,false,2026-08-20
51817,https://find-sake.me/sake/51817,竹葉 純米吟醸 おりがらみ,ちくは じゅんまいぎんじょう おりがらみ,Chikuha Junmai Ginjo Origarami,10022,数馬酒造株式会社,Kazuma Shuzo,https://find-sake.me/brewery/10022,https://chikuha.co.jp/,純米吟醸,五百万石,55,15,,,,能登水系,おりがらみ,粗濾過,,,,A:メロン・白桃系,中庸・バランス系,4,3,4,4,3,4,5,720,false,false,2026-08-20
7606,https://find-sake.me/sake/7606,竹葉 純米吟醸 ひやおろし,ちくは じゅんまいぎんじょう ひやおろし,Chikuha Junmai Ginjo Hiyaoroshi,10022,数馬酒造株式会社,Kazuma Shuzo,https://find-sake.me/brewery/10022,https://chikuha.co.jp/,純米吟醸,五百万石,60,16,,,,能登水系,ひやおろし,,生詰,,,A:メロン・白桃系,中庸・バランス系,3,3,4,3,3,4,5,720;1800,false,false,2026-09-05
65465,https://find-sake.me/sake/65465,竹葉 純米吟醸 無濾過生原酒 五百万石,ちくは じゅんまいぎんじょう むろかなまげんしゅ ごひゃくまんごく,Chikuha Junmai Ginjo Muroka Nama Genshu Gohyakumangoku,10022,数馬酒造株式会社,Kazuma Shuzo,https://find-sake.me/brewery/10022,https://chikuha.co.jp/,純米吟醸,五百万石,55,16,1,,金沢酵母,能登水系,,無濾過,生酒,,true,A:メロン・白桃系,中庸・バランス系,2,4,3,4,3,5,5,720,false,false,2026-08-20
13463,https://find-sake.me/sake/13463,竹葉 純米吟醸 生貯蔵酒,ちくは じゅんまいぎんじょう なまちょぞうしゅ,Chikuha Junmai Ginjo Nama Chozoshu,10022,数馬酒造株式会社,Kazuma Shuzo,https://find-sake.me/brewery/10022,https://chikuha.co.jp/,純米吟醸,五百万石,60,15,,,,能登水系,生貯蔵酒,,生貯蔵,,,A:メロン・白桃系,中庸・バランス系,3,3,3,3,2,4,5,720;1800,false,false,2026-08-20
24509,https://find-sake.me/sake/24509,竹葉 純米吟醸KZ,ちくは じゅんまいぎんじょう けーぜっと,Chikuha Junmai Ginjo KZ,10022,数馬酒造株式会社,Kazuma Shuzo,https://find-sake.me/brewery/10022,https://chikuha.co.jp/,純米吟醸,五百万石,60,15,,,金沢酵母,能登水系,,,,,,C:バナナ系,中庸・バランス系,3,2,3,4,3,4,4,720,false,false,2026-08-20
24704,https://find-sake.me/sake/24704,竹葉 純米大吟醸 百万石乃白40%,ちくは じゅんまいだいぎんじょう ひゃくまんごくのしろ40%,Chikuha Junmai Daiginjo Hyakumangoku-no-shiro 40%,10022,数馬酒造株式会社,Kazuma Shuzo,https://find-sake.me/brewery/10022,https://chikuha.co.jp/,純米大吟醸,百万石乃白,40,15,-7.6,,金沢酵母、Misaki酵母,能登水系,,,,,,B:青リンゴ・レモン系,中庸・バランス系,1,3,4,5,3,4,5,720;1800,false,false,2026-08-20
17777,https://find-sake.me/sake/17777,竹葉 純米酒,ちくは じゅんまいしゅ,Chikuha Junmaishu,10022,数馬酒造株式会社,Kazuma Shuzo,https://find-sake.me/brewery/10022,https://chikuha.co.jp/,純米酒,能登産五百万石,60,15,,,,能登水系,,,,,,E:穀物・ふくよか系,中庸・バランス系,3,3,4,2,4,4,3,720;1800,false,false,2026-08-20
8439,https://find-sake.me/sake/8439,竹葉 能登上撰,ちくは のとじょうせん,Chikuha Noto Josen,10022,数馬酒造株式会社,Kazuma Shuzo,https://find-sake.me/brewery/10022,https://chikuha.co.jp/,普通酒,能登産米,67,15,,,,能登水系,,,,,,,中庸・バランス系,2,3,4,2,2,3,4,720;1800,false,false,2026-08-20
65392,https://find-sake.me/sake/65392,竹葉 能登大吟,ちくは のとだいぎん,Chikuha Noto Daigin,10022,数馬酒造株式会社,Kazuma Shuzo,https://find-sake.me/brewery/10022,https://chikuha.co.jp/,大吟醸,石川門,50,15,2.5,1.5,,,,,,,,,中庸・バランス系,2,4,3,4,2,5,5,720;1800,false,false,2026-08-20
5007,https://find-sake.me/sake/5007,竹葉 能登純米,ちくは のとじゅんまい,Chikuha Noto Junmai,10022,数馬酒造株式会社,Kazuma Shuzo,https://find-sake.me/brewery/10022,https://chikuha.co.jp/,純米,山田錦,55,15.5,,,,旧柳田村の山々から湧き出る天然水,,,,,,C:バナナ系,,3,3,5,3,4,3,4,720;1800,false,false,2026-08-20
57578,https://find-sake.me/sake/57578,竹葉 能登純米 無濾過生原酒,ちくは のとじゅんまい むろかなまげんしゅ,Chikuha Noto Junmai Muroka Nama Genshu,10022,数馬酒造株式会社,Kazuma Shuzo,https://find-sake.me/brewery/10022,https://chikuha.co.jp/,純米,山田錦,55,16,,,,能登水系,,無濾過,生酒,,,E:穀物・ふくよか系,中庸・バランス系,3,4,4,3,4,4,5,720,false,false,2026-08-20
37536,https://find-sake.me/sake/37536,竹葉 能登純米しずく 無濾過生原酒,ちくは のとじゅんまいしずく むろかなまげんしゅ,Chikuha Noto Junmai Shizuku Muroka Nama Genshu,10022,数馬酒造株式会社,Kazuma Shuzo,https://find-sake.me/brewery/10022,https://chikuha.co.jp/,純米,山田錦,55,17,-1,1.9,,能登水系,,無濾過,生原酒,,true,A:メロン・白桃系,爽快・リンゴ酸系,3,5,4,4,4,4,3,720,false,false,2026-08-20
36398,https://find-sake.me/sake/36398,純米 桃色にごり酒 花おぼろ,じゅんまい ももいろにごりざけ はなおぼろ,Junmai Momoiro Nigorizake Hanaoboro,10027,合名会社中島酒造店,Nakajima Shuzoten,https://find-sake.me/brewery/10027,https://www.notosuehiro.com/,純米,五百万石,65,8.5,,,赤色清酒酵母,,,にごり,火入れ,,,A:メロン・白桃系,爽快・リンゴ酸系,2,4,3,3,2,2,5,500,false,false,2026-08-20
4591,https://find-sake.me/sake/4591,純米 紅色にごり酒 紅い花,じゅんまい べにいろにごりざけ あかいはな,Junmai Beniiro Nigorizake Akai Hana,10027,合名会社中島酒造店,Nakajima Shuzoten,https://find-sake.me/brewery/10027,https://www.notosuehiro.com/,純米酒,五百万石100%,65,8.5,,,赤色清酒酵母,能登水系,,にごり,,,,,中庸・バランス系,2,4,3,3,2,2,5,500,false,false,2026-08-20
45482,https://find-sake.me/sake/45482,純米吟醸 超古酒 幽玄,じゅんまいぎんじょう ちょうこしゅ ゆうげん,Junmai Ginjo Chokoshu Yugen,10027,合名会社中島酒造店,Nakajima Shuzoten,https://find-sake.me/brewery/10027,https://www.notosuehiro.com/,純米吟醸,,,17,,,,,,,古酒,,,D:熟成系,重厚・乳酸系,3,3,5,1,5,1,1,200,false,false,2026-08-30
54427,https://find-sake.me/sake/54427,純米吟醸 雪月花の舞,じゅんまいぎんじょう せつげつかのまい,Junmai Ginjo Setsugekka no Mai,10034,橋本酒造株式会社,Hashimoto Shuzo,https://find-sake.me/brewery/10034,https://judaime.com/,純米吟醸,五百万石,50,15,7,1.4,,,,木槽酒袋しぼり,,,,,中庸・バランス系,4,3,4,3,3,4,4,300;720;1800,false,false,2026-09-04
48564,https://find-sake.me/sake/48564,純米大吟醸 十代目,じゅんまいだいぎんじょう じゅうだいめ,Junmai Daiginjo Judaime,10034,橋本酒造株式会社,Hashimoto Shuzo,https://find-sake.me/brewery/10034,https://judaime.com/,純米大吟醸,五百万石,50,15,4,,,,,木槽酒袋しぼり,,,,A:メロン・白桃系,中庸・バランス系,3,3,3,4,3,4,4,180;300;720;1800,false,false,2026-09-04
20636,https://find-sake.me/sake/20636,純米大吟醸 十代目 原酒 生詰,じゅんまいだいぎんじょう じゅうだいめ げんしゅ なまづめ,Junmai Daiginjo Judaime Genshu Namazume,10034,橋本酒造株式会社,Hashimoto Shuzo,https://find-sake.me/brewery/10034,https://judaime.com/,純米大吟醸,五百万石,,16,,,,,,木槽酒袋しぼり,原酒、生詰,,,,中庸・バランス系,4,3,3,4,4,4,3,720,false,false,2026-09-04
3417,https://find-sake.me/sake/3417,純米大吟醸 和の絆,じゅんまいだいぎんじょう わのきずな,Junmai Daiginjo Wa-no-kizuna,10027,合名会社中島酒造店,Nakajima Shuzoten,https://find-sake.me/brewery/10027,https://www.notosuehiro.com/,純米大吟醸,石川門,50,16,,,金沢酵母,,,,,,,A:メロン・白桃系,中庸・バランス系,3,2,3,4,3,3,4,720;1800,false,false,2026-08-20
3487,https://find-sake.me/sake/3487,純米生源酒 千,じゅんまいなまげんしゅ せん,Junmai Nama Genshu Sen,10002,有限会社武内酒造店,Takeuchi Shuzoten,https://find-sake.me/brewery/10002,,純米,コシヒカリ,70,17,5,,,,,無濾過,生酒、原酒,,,,,4,3,5,3,5,4,2,300,false,false,2026-08-20
52303,https://find-sake.me/sake/52303,純米酒 すっぴん,じゅんまいしゅ すっぴん,Junmaishu Suppin,10004,株式会社福光屋,Fukumitsuya,https://find-sake.me/brewery/10004,https://www.fukumitsuya.co.jp/,純米酒,国産米100%,75,13,4,1.4,,百年水,,,,,,E:穀物・ふくよか系,中庸・バランス系,4,3,3,2,2,3,4,200,false,false,2026-08-30
33191,https://find-sake.me/sake/33191,純米酒 もろみー（甘口）,じゅんまいしゅ もろみー（あまくち）,Junmaishu Moromi (Amakuchi),10014,合同会社西出酒造,Nishide Shuzo,https://find-sake.me/brewery/10014,https://nishidesake.com/,純米酒,,65,14,,,,,,,,,,E:穀物・ふくよか系,中庸・バランス系,2,4,4,2,3,3,4,720,false,false,2026-08-20
4863,https://find-sake.me/sake/4863,純米酒 能登島,じゅんまいしゅ のとじま,Junmaishu Notojima,10022,数馬酒造株式会社,Kazuma Shuzo,https://find-sake.me/brewery/10022,https://chikuha.co.jp/,純米酒,五百万石（能登島産100%）,70,17,,,,能登水系,,,,,,B:青リンゴ・レモン系,中庸・バランス系,4,3,4,2,4,3,2,720,false,false,2026-08-20
1284,https://find-sake.me/sake/1284,聖賢 純米大吟醸 天狗舞,せいけん じゅんまいだいぎんじょう てんぐまい,Seiken Junmai Daiginjo Tengumai,10009,株式会社車多酒造,Shata Shuzo,https://find-sake.me/brewery/10009,https://www.tengumai.co.jp/,純米大吟醸,国産米,50,15,,,,白山・手取川水系,,,,,,C:バナナ系,中庸・バランス系,4,3,3,4,3,4,4,720,false,false,2026-09-05
47155,https://find-sake.me/sake/47155,能登の生一本 純米 伝兵衛,のとのきいっぽん じゅんまい でんべえ,Noto-no-kiippon Junmai Denbe,10027,合名会社中島酒造店,Nakajima Shuzoten,https://find-sake.me/brewery/10027,https://www.notosuehiro.com/,純米酒,五百万石（石川県産）,50,15,,,,能登水系,,,,,,C:バナナ系,中庸・バランス系,4,3,4,3,3,4,4,720;1800,false,false,2026-09-07
51999,https://find-sake.me/sake/51999,能登の酒を止めるな！ 谷泉×雅楽代 コラボレーション酒,のとのさけをとめるな たにいずみ かける うたしろ こらぼれーしょんしゅ,Noto-no-sake-o Tomeruna Taniizumi x Utashiro Collaboration,10026,株式会社鶴野酒造店,Tsuruno Shuzoten,https://find-sake.me/brewery/10026,https://www.taniizumi.com/,,国産米（能登産米）,55,13.5,,,金沢酵母,,,,火入れ、低アル原酒,,true,B:青リンゴ・レモン系,爽快・リンゴ酸系,3,3,3,4,2,4,5,720,false,false,2026-09-05
11559,https://find-sake.me/sake/11559,能登三年酒,のとさんねんざけ,Noto Sannenzake,10035,合資会社二羽鶴酒造場,Niwazuru Shuzojo,https://find-sake.me/brewery/10035,,純米酒,,,14,,,,能登水系,熟成古酒,,古酒,,,D:熟成系,重厚・乳酸系,2,4,5,2,4,2,2,,false,false,2026-09-05
33390,https://find-sake.me/sake/33390,能登上撰 本醸造 初桜,のとじょうせん ほんじょうぞう はつざくら,Noto Josen Honjozo Hatsuzakura,10023,櫻田酒造株式会社,Sakurada Shuzo,https://find-sake.me/brewery/10023,https://sakurada.co.jp/,本醸造,石川門,65,15,,,,,,,,,,C:バナナ系,,2,3,4,3,2,4,5,720,false,false,2026-08-20
64020,https://find-sake.me/sake/64020,能登亀泉 上撰,のとかめいずみ じょうせん,Noto Kameizumi Josen,10028,中野酒造株式会社,Nakano Shuzo,https://find-sake.me/brewery/10028,,,五百万石,,,,,,古和秀水,,,,,,E:穀物・ふくよか系,中庸・バランス系,4,3,4,2,3,4,4,1800,false,false,2026-08-30
25190,https://find-sake.me/sake/25190,能登半島地震 酒蔵復興応援酒 能登初桜＋天狗舞 本醸造,のとはんとうじしん さかぐらふっこうおうえんしゅ のとはつざくら＋てんぐまい ほんじょうぞう,Noto Hanto Jishin Sakagura Fukko Oenshu Noto Hatsuzakura + Tengumai Honjozo,10023,櫻田酒造株式会社,Sakurada Shuzo,https://find-sake.me/brewery/10023,https://sakurada.co.jp/,本醸造,国産米,65,15,,,,,,,,,,,中庸・バランス系,2,3,3,2,2,4,4,720,false,false,2026-08-20
24055,https://find-sake.me/sake/24055,能登半島地震 酒造復興応援酒 能登大慶×天狗舞,のとはんとうじしん しゅぞうふっこうおうえんしゅ のとたいけい×てんぐまい,Noto Hanto Jishin Shuzo Fukko Oenshu Noto Taikei × Tengumai,10023,櫻田酒造株式会社,Sakurada Shuzo,https://find-sake.me/brewery/10023,https://sakurada.co.jp/,,,,16,,,,,共同醸造（車多酒造仕込み）/ 大慶純米アッサンブラージュ,,,,,,,4,4,5,3,5,4,4,720,false,false,2026-08-20
63296,https://find-sake.me/sake/63296,能登大慶 純米 ひやおろし,のとたいけい じゅんまい ひやおろし,Noto Taikei Junmai Hiyaoroshi,10023,櫻田酒造株式会社,Sakurada Shuzo,https://find-sake.me/brewery/10023,https://sakurada.co.jp/,純米酒,百万石乃白（全量使用）,55,16,,,,白山・手取川水系,,,ひやおろし,,,A:メロン・白桃系,中庸・バランス系,3,3,4,3,3,4,4,720,false,false,2026-09-05
54840,https://find-sake.me/sake/54840,能登大慶 純米酒 powered by Tengumai,のとたいけい じゅんまいしゅ ぱわーど ばい てんぐまい,Noto Taikei Junmaishu powered by Tengumai,10023,櫻田酒造株式会社,Sakurada Shuzo,https://find-sake.me/brewery/10023,https://sakurada.co.jp/,純米,,55,16,0,1.6,,,共同醸造（車多酒造間借り仕込み）,,,,,,中庸・バランス系,4,4,5,3,5,4,4,720;1800,false,false,2026-09-07
32588,https://find-sake.me/sake/32588,能登末廣 しぼりたて純米酒,のとすえひろ しぼりたてじゅんまいしゅ,Noto Suehiro Shiboritate Junmaishu,10027,合名会社中島酒造店,Nakajima Shuzoten,https://find-sake.me/brewery/10027,https://www.notosuehiro.com/,純米,五百万石,65,17,,,,白山・手取川水系,,無濾過,生原酒,,,E:穀物・ふくよか系,中庸・バランス系,4,4,4,3,5,3,2,720;1800,false,false,2026-09-07
54752,https://find-sake.me/sake/54752,能登末廣 壱番冷酒,のとすえひろ いちばんれいしゅ,Noto Suehiro Ichiban Reishu,10027,合名会社中島酒造店,Nakajima Shuzoten,https://find-sake.me/brewery/10027,https://www.notosuehiro.com/,本醸造,五百万石100%,65,14,,,,,,,,,,E:穀物・ふくよか系,中庸・バランス系,3,3,3,2,2,4,4,300,false,false,2026-08-20
20474,https://find-sake.me/sake/20474,能登末廣 大吟醸,のとすえひろ だいぎんじょう,Noto Suehiro Daiginjo,10027,合名会社中島酒造店,Nakajima Shuzoten,https://find-sake.me/brewery/10027,https://www.notosuehiro.com/,大吟醸,山田錦（兵庫県産）,40,17,,,金沢酵母,,,,,,,A:メロン・白桃系,中庸・バランス系,3,2,3,5,3,4,3,720,false,false,2026-08-20
61052,https://find-sake.me/sake/61052,能登末廣 本醸造 うるしの里,のとすえひろ ほんじょうぞう うるしのさと,Noto Suehiro Honjozo Urushi-no-sato,10027,合名会社中島酒造店,Nakajima Shuzoten,https://find-sake.me/brewery/10027,https://www.notosuehiro.com/,本醸造,五百万石（石川県産100%）,65,15,,,,,,,,,,E:穀物・ふくよか系,中庸・バランス系,3,3,3,2,2,4,4,720;1800,false,false,2026-08-20
38357,https://find-sake.me/sake/38357,能登末廣 純米 百万石乃白,のとすえひろ じゅんまい ひゃくまんごくのしろ,Noto Suehiro Junmai Hyakumangoku-no-shiro,10027,合名会社中島酒造店,Nakajima Shuzoten,https://find-sake.me/brewery/10027,https://www.notosuehiro.com/,純米,百万石乃白,50,15,,,,能登水系,,,火入れ,,,B:青リンゴ・レモン系,中庸・バランス系,3,3,3,4,3,4,4,720;1800,false,false,2026-08-20
26595,https://find-sake.me/sake/26595,能登末廣 純米吟醸 ひやおろし,のとすえひろ じゅんまいぎんじょう ひやおろし,Noto Suehiro Junmai Ginjo Hiyaoroshi,10027,合名会社中島酒造店,Nakajima Shuzoten,https://find-sake.me/brewery/10027,https://www.notosuehiro.com/,純米吟醸,百万石乃白,55,16,,,,白山・手取川水系,,,ひやおろし,,,B:青リンゴ・レモン系,中庸・バランス系,3,3,5,4,4,4,3,720,false,false,2026-09-06
45792,https://find-sake.me/sake/45792,能登末廣 純米吟醸 生貯蔵,のとすえひろ じゅんまいぎんじょう なまちょぞう,Noto Suehiro Junmai Ginjo Nama Chozo,10027,合名会社中島酒造店,Nakajima Shuzoten,https://find-sake.me/brewery/10027,https://www.notosuehiro.com/,純米吟醸,五百万石（石川県産）,65,14,,,金沢酵母,,,,生貯蔵酒,,,A:メロン・白桃系,中庸・バランス系,3,3,3,4,2,4,4,300,false,false,2026-08-20
34917,https://find-sake.me/sake/34917,能登末廣 純米吟醸 百万石乃白,のとすえひろ じゅんまいぎんじょう ひゃくまんごくのしろ,Noto Suehiro Junmai Ginjo Hyakumangoku-no-shiro,10027,合名会社中島酒造店,Nakajima Shuzoten,https://find-sake.me/brewery/10027,https://www.notosuehiro.com/,純米吟醸,百万石乃白,55,15,,,,白山・手取川水系,,,火入れ,,,B:青リンゴ・レモン系,中庸・バランス系,3,3,4,5,4,4,3,720,false,false,2026-08-20
62747,https://find-sake.me/sake/62747,能登末廣 純米吟醸 百万石乃白 無濾過生原酒,のとすえひろ じゅんまいぎんじょう ひゃくまんごくのしろ むろかなまげんしゅ,Noto Suehiro Junmai Ginjo Hyakumangoku-no-shiro Muroka Nama Genshu,10027,合名会社中島酒造店,Nakajima Shuzoten,https://find-sake.me/brewery/10027,https://www.notosuehiro.com/,純米吟醸,百万石乃白,55,18,,,,白山・手取川水系,,無濾過,生原酒,,,B:青リンゴ・レモン系,中庸・バランス系,3,3,4,4,5,4,2,720,false,false,2026-08-20
41312,https://find-sake.me/sake/41312,能登末廣 純米吟醸 輪,のとすえひろ じゅんまいぎんじょう りん,Noto Suehiro Junmai Ginjo Rin,10027,合名会社中島酒造店,Nakajima Shuzoten,https://find-sake.me/brewery/10027,https://www.notosuehiro.com/,純米吟醸,五百万石,50,15,,,,白山・手取川水系,,,,,,,中庸・バランス系,4,3,3,3,2,4,4,720,false,false,2026-08-30
25168,https://find-sake.me/sake/25168,能登末廣 純米大吟醸,のとすえひろ じゅんまいだいぎんじょう,Noto Suehiro Junmai Daiginjo,10027,合名会社中島酒造店,Nakajima Shuzoten,https://find-sake.me/brewery/10027,https://www.notosuehiro.com/,純米大吟醸,山田錦100%,50,15,,,金沢酵母,白山・手取川水系,,,,,,,中庸・バランス系,4,2,3,4,3,3,4,720,false,false,2026-08-30
52733,https://find-sake.me/sake/52733,能登末廣 純米酒,のとすえひろ じゅんまいしゅ,Noto Suehiro Junmaishu,10027,合名会社中島酒造店,Nakajima Shuzoten,https://find-sake.me/brewery/10027,https://www.notosuehiro.com/,純米,五百万石,65,15,,,金沢酵母,白山・手取川水系,,,火入れ,,,E:穀物・ふくよか系,中庸・バランス系,4,3,3,3,3,4,4,720,false,false,2026-08-20
39693,https://find-sake.me/sake/39693,能登末廣 純米酒 遼,のとすえひろ じゅんまいしゅ りょう,Noto Suehiro Junmaishu Ryo,10027,合名会社中島酒造店,Nakajima Shuzoten,https://find-sake.me/brewery/10027,https://www.notosuehiro.com/,純米酒,兵庫県産山田錦100%,60,14,,,,能登水系,,,,,,E:穀物・ふくよか系,中庸・バランス系,3,3,4,2,3,3,4,500,false,false,2026-08-20
38063,https://find-sake.me/sake/38063,能登末廣 純米酒 遼 原酒,のとすえひろ じゅんまいしゅ りょう げんしゅ,Noto Suehiro Junmaishu Ryo Genshu,10027,合名会社中島酒造店,Nakajima Shuzoten,https://find-sake.me/brewery/10027,https://www.notosuehiro.com/,純米酒,兵庫県産山田錦100%,60,16.5,,,,能登水系,,,原酒,,,C:バナナ系,中庸・バランス系,2,3,5,3,5,4,2,720,false,false,2026-08-20
48392,https://find-sake.me/sake/48392,能登末廣 能登の酒,のとすえひろ のとのさけ,Noto Suehiro Noto-no-sake,10027,合名会社中島酒造店,Nakajima Shuzoten,https://find-sake.me/brewery/10027,https://www.notosuehiro.com/,普通酒,五百万石、能登ひかり,65,15,,,,能登水系,,,,,,E:穀物・ふくよか系,中庸・バランス系,3,3,3,2,2,4,4,1800,false,false,2026-08-20
35008,https://find-sake.me/sake/35008,能登末廣 能登上撰,のとすえひろ のとじょうせん,Noto Suehiro Noto Josen,10027,合名会社中島酒造店,Nakajima Shuzoten,https://find-sake.me/brewery/10027,https://www.notosuehiro.com/,本醸造,五百万石100%,65,14,,,,,,,,,,E:穀物・ふくよか系,中庸・バランス系,4,2,3,2,2,4,4,720;1800,false,false,2026-09-07
34222,https://find-sake.me/sake/34222,能登誉 上選,のとほまれ じょうせん,Noto Homare Josen,10024,株式会社清水酒造店,Shimizu Shuzoten,https://find-sake.me/brewery/10024,https://notohomare.com/,本醸造,五百万石、能登ひかり,65,15.5,,1.3,,白山水系,,,,,,E:穀物・ふくよか系,中庸・バランス系,4,3,2,2,2,4,4,1800,false,false,2026-09-22
21051,https://find-sake.me/sake/21051,能登誉 吟醸,のとほまれ ぎんじょう,Noto Homare Ginjo,10024,株式会社清水酒造店,Shimizu Shuzoten,https://find-sake.me/brewery/10024,https://notohomare.com/,吟醸,山田錦（兵庫県産）,50,16.5,,,,能登水系,,,,,,E:穀物・ふくよか系,中庸・バランス系,3,3,4,3,3,3,3,720,false,false,2026-09-22
31433,https://find-sake.me/sake/31433,能登誉 大吟醸,のとほまれ だいぎんじょう,Noto Homare Daiginjo,10024,株式会社清水酒造店,Shimizu Shuzoten,https://find-sake.me/brewery/10024,https://notohomare.com/,大吟醸,山田錦（兵庫県産）,40,17,6,,,能登水系,,,,,,A:メロン・白桃系,中庸・バランス系,4,2,3,4,3,5,3,720;1800,false,false,2026-09-22
11056,https://find-sake.me/sake/11056,能登誉 大吟醸 華遊,のとほまれ だいぎんじょう かゆう,Noto Homare Daiginjo Kayu,10024,株式会社清水酒造店,Shimizu Shuzoten,https://find-sake.me/brewery/10024,https://notohomare.com/,大吟醸,山田錦（兵庫県産）,40,17,6,1.2,,,,,原酒,,,B:青リンゴ・レモン系,中庸・バランス系,4,2,3,5,4,5,3,720,false,false,2026-09-22
1242,https://find-sake.me/sake/1242,能登誉 奥能登輪島 千枚田,のとほまれ おくのとわじま せんまいだ,Noto Homare Okunoto Wajima Senmaida,10024,株式会社清水酒造店,Shimizu Shuzoten,https://find-sake.me/brewery/10024,https://notohomare.com/,純米,五百万石、能登ひかり,60,15.5,4,1.5,,白山水系,,,,,,C:バナナ系,中庸・バランス系,4,3,3,2,3,4,4,180;720;1800,false,false,2026-09-22
3374,https://find-sake.me/sake/3374,能登誉 本醸造 手作り辛口,のとほまれ ほんじょうぞう てづくりからくち,Noto Homare Honjozo Tezukuri Karakuchi,10024,株式会社清水酒造店,Shimizu Shuzoten,https://find-sake.me/brewery/10024,https://notohomare.com/,本醸造,五百万石（石川県産）,65,15.5,4,1.3,,,,,,,,E:穀物・ふくよか系,中庸・バランス系,4,3,3,2,3,4,4,720;1800,false,false,2026-09-22
42227,https://find-sake.me/sake/42227,能登誉 特別純米生酒 アマビエ,のとほまれ とくべつじゅんまいなまざけ あまびえ,Noto Homare Tokubetsu Junmai Namazake Amabie,10024,株式会社清水酒造店,Shimizu Shuzoten,https://find-sake.me/brewery/10024,https://notohomare.com/,特別純米,八反錦,60,18,,,,能登水系,,,生酒,,,C:バナナ系,中庸・バランス系,4,3,4,3,5,4,2,720,false,false,2026-09-22
11070,https://find-sake.me/sake/11070,能登誉 純米 石川門,のとほまれ じゅんまい いしかわもん,Noto Homare Junmai Ishikawamon,10024,株式会社清水酒造店,Shimizu Shuzoten,https://find-sake.me/brewery/10024,https://notohomare.com/,純米,石川門（石川県産）,60,15.5,,,,能登水系,,,,,,B:青リンゴ・レモン系,爽快・リンゴ酸系,4,3,3,2,2,4,4,720;1800,false,false,2026-09-22
21382,https://find-sake.me/sake/21382,能登誉 純米吟醸,のとほまれ じゅんまいぎんじょう,Noto Homare Junmai Ginjo,10024,株式会社清水酒造店,Shimizu Shuzoten,https://find-sake.me/brewery/10024,https://notohomare.com/,純米吟醸,山田錦（兵庫県産）、八反錦（広島県産）,50,15.5,,,,白山水系,,,,,,,中庸・バランス系,3,3,4,4,3,3,4,720;1800,false,false,2026-09-22
38310,https://find-sake.me/sake/38310,能登誉 純米大吟醸 百万石乃白,のとほまれ じゅんまいだいぎんじょう ひゃくまんごくのしろ,Noto Homare Junmai Daiginjo Hyakumangoku-no-shiro,10024,株式会社清水酒造店,Shimizu Shuzoten,https://find-sake.me/brewery/10024,https://notohomare.com/,純米大吟醸,百万石乃白（石川県産）,50,15.5,,,,能登水系,,,,,,B:青リンゴ・レモン系,中庸・バランス系,3,3,2,4,3,4,4,720;1800,false,false,2026-09-22
31788,https://find-sake.me/sake/31788,能登誉 純米大吟醸生酒 アマビエ あらばしり,のとほまれ じゅんまいだいぎんじょうなまざけ あまびえ あらばしり,Noto Homare Junmai Daiginjo Namazake Amabie Arabashiri,10024,株式会社清水酒造店,Shimizu Shuzoten,https://find-sake.me/brewery/10024,https://notohomare.com/,純米大吟醸,山田錦、八反錦,50,17,,,,能登水系,,あらばしり,生酒,,,C:バナナ系,中庸・バランス系,3,3,4,5,4,4,3,720,false,false,2026-09-22
1414,https://find-sake.me/sake/1414,能登誉 銀選,のとほまれ ぎんせん,Noto Homare Ginsen,10024,株式会社清水酒造店,Shimizu Shuzoten,https://find-sake.me/brewery/10024,https://notohomare.com/,本醸造,,,,,,,,,,,,,E:穀物・ふくよか系,中庸・バランス系,3,2,2,2,2,3,4,1800,false,false,2026-09-22
22150,https://find-sake.me/sake/22150,能登路 しぼりたて 純米吟醸生詰原酒,のとじ しぼりたて じゅんまいぎんじょうなまづめげんしゅ,Notoji Shiboritate Junmai Ginjo Namazume Genshu,10001,株式会社久世酒造店,Kuze Shuzoten,https://find-sake.me/brewery/10001,https://www.choseimai.co.jp/,純米吟醸,五百万石,60,20,18,,,硬水仕込み,,しぼりたて,生詰 / 原酒,,,,,4,4,4,5,5,5,2,300;720,false,false,2026-08-20
23555,https://find-sake.me/sake/23555,能登路 しぼりたて 純米吟醸生詰原酒 にごり,のとじ しぼりたて じゅんまいぎんじょうなまづめげんしゅ にごり,Notoji Shiboritate Junmai Ginjo Namazume Genshu Nigori,10001,株式会社久世酒造店,Kuze Shuzoten,https://find-sake.me/brewery/10001,https://www.choseimai.co.jp/,純米吟醸,五百万石,60,20,18,,,硬水仕込み,,にごり / しぼりたて,生詰 / 原酒,,,A:メロン・白桃系,中庸・バランス系,4,3,5,4,5,5,2,720,false,false,2026-08-20
49781,https://find-sake.me/sake/49781,能登路 大吟醸,のとじ だいぎんじょう,Notoji Daiginjo,10001,株式会社久世酒造店,Kuze Shuzoten,https://find-sake.me/brewery/10001,https://www.choseimai.co.jp/,大吟醸,山田錦,40,17,,,,,低温醗酵,,,,,A:メロン・白桃系,爽快・リンゴ酸系,3,3,3,4,4,4,3,720,false,false,2026-08-20
44866,https://find-sake.me/sake/44866,能登路 本仕込み,のとじ ほんじこみ,Notoji Honjikomi,10001,株式会社久世酒造店,Kuze Shuzoten,https://find-sake.me/brewery/10001,https://www.choseimai.co.jp/,本醸造,長生米,65,15,,,,硬水仕込み,本醸造（純米・吟醸ブレンド）,,,,,D:熟成系,中庸・バランス系,4,4,5,3,4,4,3,720,false,false,2026-08-20
37983,https://find-sake.me/sake/37983,能登路 特別純米酒,のとじ とくべつじゅんまいしゅ,Notoji Tokubetsu Junmaishu,10001,株式会社久世酒造店,Kuze Shuzoten,https://find-sake.me/brewery/10001,https://www.choseimai.co.jp/,特別純米酒,長生米,60,15,,,,,,,,,,C:バナナ系,中庸・バランス系,4,3,4,3,4,4,3,300;720;1800,false,false,2026-08-20
64050,https://find-sake.me/sake/64050,能登路 純米吟醸,のとじ じゅんまいぎんじょう,Notoji Junmai Ginjo,10001,株式会社久世酒造店,Kuze Shuzoten,https://find-sake.me/brewery/10001,https://www.choseimai.co.jp/,純米吟醸,山田錦 / 長生米,53,18,3,1.7,,硬水,長期低温発酵,,原酒,,,A:メロン・白桃系,中庸・バランス系,3,4,5,4,5,4,2,720;1800,false,false,2026-09-07
15489,https://find-sake.me/sake/15489,能登路 純米吟醸三年古酒,のとじ じゅんまいぎんじょうさんねんこしゅ,Notoji Junmai Ginjo Sannen Koshu,10001,株式会社久世酒造店,Kuze Shuzoten,https://find-sake.me/brewery/10001,https://www.choseimai.co.jp/,純米吟醸,,60,18,,,,硬水,長期低温発酵,,原酒 / 三年古酒,,,D:熟成系,中庸・バランス系,4,3,5,3,5,5,2,720,false,false,2026-08-20
25430,https://find-sake.me/sake/25430,菊姫 B.Y.大吟醸,きくひめ びーわいだいぎんじょう,Kikuhime B.Y. Daiginjo,10007,菊姫合資会社,Kikuhime,https://find-sake.me/brewery/10007,https://www.kikuhime.co.jp/,大吟醸,山田錦,50,17,,,,白山・手取川水系,速醸,,,,,A:メロン・白桃系,,3,3,4,4,4,4,3,720;1800,false,false,2026-08-20
16086,https://find-sake.me/sake/16086,菊姫 にごり酒,きくひめ にごりざけ,Kikuhime Nigorizake,10007,菊姫合資会社,Kikuhime,https://find-sake.me/brewery/10007,https://www.kikuhime.co.jp/,普通酒,山田錦（兵庫県三木市吉川町・特Ａ地区産）,70,14,,,,,山廃,にごり酒,,,,C:バナナ系,,1,4,4,3,5,4,5,300;720;1800,false,false,2026-08-20
18066,https://find-sake.me/sake/18066,菊姫 先一杯,きくひめ まずいっぱい,Kikuhime Mazu Ippai,10007,菊姫合資会社,Kikuhime,https://find-sake.me/brewery/10007,https://www.kikuhime.co.jp/,純米酒,山田錦,65,14,,,協会9号酵母,白山・手取川水系,速醸,,火入れ・1年前後熟成,自社精米,,D:熟成系,中庸・バランス系,4,3,3,2,3,4,4,300;720;1800,false,false,2026-09-07
10638,https://find-sake.me/sake/10638,菊姫 加州菊酒,きくひめ かしゅうきくざけ,Kikuhime Kashu Kikuzake,10007,菊姫合資会社,Kikuhime,https://find-sake.me/brewery/10007,https://www.kikuhime.co.jp/,普通酒,山田錦,70,15,,,,白山・手取川水系,,,,,,C:バナナ系,中庸・バランス系,4,4,4,3,3,4,4,720;1800,false,false,2026-08-20
63706,https://find-sake.me/sake/63706,菊姫 加陽菊酒,きくひめ かようきくざけ,Kikuhime Kayo Kikuzake,10007,菊姫合資会社,Kikuhime,https://find-sake.me/brewery/10007,https://www.kikuhime.co.jp/,吟醸,山田錦,55,17,7,1.2,,,速醸,,,,,D:熟成系,中庸・バランス系,4,3,4,4,3,4,4,720;1800,false,false,2026-08-20
26148,https://find-sake.me/sake/26148,菊姫 原酒,きくひめ げんしゅ,Kikuhime Genshu,10007,菊姫合資会社,Kikuhime,https://find-sake.me/brewery/10007,https://www.kikuhime.co.jp/,普通酒,山田錦、五百万石、糯米他,70,19,5,1.2,,白山・手取川水系,古典的山廃,,原酒,,,D:熟成系,重厚・乳酸系,3,4,5,2,5,3,1,720;1800,false,false,2026-09-07
5985,https://find-sake.me/sake/5985,菊姫 吟,きくひめ ぎん,Kikuhime Gin,10007,菊姫合資会社,Kikuhime,https://find-sake.me/brewery/10007,https://www.kikuhime.co.jp/,大吟醸,山田錦,40,17,,,,白山・手取川水系,速醸,,熟成（1年以上）,,,A:メロン・白桃系,,2,3,5,5,4,4,4,720;1800,false,false,2026-08-20
48345,https://find-sake.me/sake/48345,菊姫 吟 平成二十六年産 BY2014,きくひめ ぎん へいせいにじゅうろくねんさん びーわい2014,Kikuhime Gin Heisei Nijurokunen-san BY2014,10007,菊姫合資会社,Kikuhime,https://find-sake.me/brewery/10007,https://www.kikuhime.co.jp/,大吟醸,山田錦,40,17,,,,白山・手取川水系,速醸,あらばしり,長期熟成酒,,,D:熟成系,重厚・乳酸系,3,3,5,4,5,4,3,720;1800,false,false,2026-08-20
1130,https://find-sake.me/sake/1130,菊姫 吟醸,きくひめ ぎんじょう,Kikuhime Ginjo,10007,菊姫合資会社,Kikuhime,https://find-sake.me/brewery/10007,https://www.kikuhime.co.jp/,吟醸酒,山田錦,55,16,,,,白山・手取川水系,速醸,,,,,A:メロン・白桃系,中庸・バランス系,3,3,4,4,3,4,4,720,false,false,2026-08-20
20061,https://find-sake.me/sake/20061,菊姫 吟醸あらばしり,きくひめ ぎんじょうあらばしり,Kikuhime Ginjo Arabashiri,10007,菊姫合資会社,Kikuhime,https://find-sake.me/brewery/10007,https://www.kikuhime.co.jp/,吟醸酒,山田錦,55,17,,,,白山・手取川水系,古典的山廃,あらばしり,生酒,,,A:メロン・白桃系,爽快・リンゴ酸系,5,4,3,5,2,5,3,720;1800,false,false,2026-08-20
62802,https://find-sake.me/sake/62802,菊姫 大吟醸,きくひめ だいぎんじょう,Kikuhime Daiginjo,10007,菊姫合資会社,Kikuhime,https://find-sake.me/brewery/10007,https://www.kikuhime.co.jp/,大吟醸,山田錦,50,17.5,,,,,,,,,,D:熟成系,,2,3,5,5,5,4,3,720;1800,false,false,2026-08-20
15016,https://find-sake.me/sake/15016,菊姫 姫,きくひめ ひめ,Kikuhime Hime,10007,菊姫合資会社,Kikuhime,https://find-sake.me/brewery/10007,https://www.kikuhime.co.jp/,普通酒,山田錦,,14,,,,白山水系,山廃仕込み,,熟成,自社精米,,D:熟成系,重厚・乳酸系,3,4,4,2,4,3,4,300;720;1800,false,false,2026-09-07
10570,https://find-sake.me/sake/10570,菊姫 山吟原酒,きくひめ やまぎんげんしゅ,Kikuhime Yamagin Genshu,10007,菊姫合資会社,Kikuhime,https://find-sake.me/brewery/10007,https://www.kikuhime.co.jp/,吟醸,山田錦,55,18,,,,,山廃,,原酒,,,A:メロン・白桃系,重厚・乳酸系,4,5,5,5,5,5,2,720;1800,false,false,2026-08-20
64201,https://find-sake.me/sake/64201,菊姫 山廃吟醸,きくひめ やまはいぎんじょう,Kikuhime Yamahai Ginjo,10007,菊姫合資会社,Kikuhime,https://find-sake.me/brewery/10007,https://www.kikuhime.co.jp/,吟醸,山田錦,55,17,,,,,山廃,,,,,D:熟成系,重厚・乳酸系,4,5,5,4,5,5,2,720;1800,false,false,2026-08-20
34279,https://find-sake.me/sake/34279,菊姫 山廃純米,きくひめ やまはいじゅんまい,Kikuhime Yamahai Junmai,10007,菊姫合資会社,Kikuhime,https://find-sake.me/brewery/10007,https://www.kikuhime.co.jp/,純米,山田錦（兵庫県三木市吉川町・特A地区産100%）,70,16,-0.5,2.6,自社酵母（KK-7）,,山廃仕込み,,,,,D:熟成系,重厚・乳酸系,4,5,5,3,5,1,1,720;1800,false,false,2026-09-07
15863,https://find-sake.me/sake/15863,菊姫 山廃純米呑切原酒,きくひめ やまはいじゅんまいのみきりげんしゅ,Kikuhime Yamahai Junmai Nomikiri Genshu,10007,菊姫合資会社,Kikuhime,https://find-sake.me/brewery/10007,https://www.kikuhime.co.jp/,純米酒,山田錦,70,19,,,,白山・手取川水系,古典的山廃,,原酒,,,C:バナナ系,重厚・乳酸系,4,5,5,3,5,4,2,720;1800,false,false,2026-08-20
31717,https://find-sake.me/sake/31717,菊姫 山廃純米無濾過生原酒,きくひめ やまはいじゅんまいむろかなまげんしゅ,Kikuhime Yamahai Junmai Muroka Nama Genshu,10007,菊姫合資会社,Kikuhime,https://find-sake.me/brewery/10007,https://www.kikuhime.co.jp/,純米酒,山田錦,70,19,,,,白山・手取川水系,古典的山廃,無濾過,生原酒,,,A:メロン・白桃系,重厚・乳酸系,4,5,5,5,5,4,2,720;1800,false,false,2026-08-20
58774,https://find-sake.me/sake/58774,菊姫 淳,きくひめ じゅん,Kikuhime Jun,10007,菊姫合資会社,Kikuhime,https://find-sake.me/brewery/10007,https://www.kikuhime.co.jp/,普通酒,山田錦,70,16,,,,白山・手取川水系,古典的山廃,,,,,D:熟成系,重厚・乳酸系,1,3,5,1,3,3,4,720;1800,false,false,2026-08-20
28694,https://find-sake.me/sake/28694,菊姫 特撰純米,きくひめ とくせんじゅんまい,Kikuhime Tokusen Junmai,10007,菊姫合資会社,Kikuhime,https://find-sake.me/brewery/10007,https://www.kikuhime.co.jp/,純米,兵庫県三木市吉川町産山田錦100%,65,16,,,,,純米仕込み,,,,,D:熟成系,重厚・乳酸系,3,4,4,4,4,3,3,720;1800,false,false,2026-09-07
35967,https://find-sake.me/sake/35967,菊姫 純米ひやおろし,きくひめ じゅんまいひやおろし,Kikuhime Junmai Hiyaoroshi,10007,菊姫合資会社,Kikuhime,https://find-sake.me/brewery/10007,https://www.kikuhime.co.jp/,純米酒,山田錦,65,18,,,,白山・手取川水系,速醸,,ひやおろし,,,C:バナナ系,中庸・バランス系,3,4,4,3,4,4,4,720;1800,false,false,2026-08-20
28811,https://find-sake.me/sake/28811,菊姫 菊,きくひめ きく,Kikuhime Kiku,10007,菊姫合資会社,Kikuhime,https://find-sake.me/brewery/10007,https://www.kikuhime.co.jp/,普通酒,山田錦、五百万石、糯米他,70,15,1,1.3,,白山水系,山廃仕込み,,熟成（複数年ブレンド）,自社精米,,D:熟成系,重厚・乳酸系,3,3,3,2,3,3,4,180;300;720;1800,false,false,2026-09-07
1332,https://find-sake.me/sake/1332,菊姫 菊姫吟醸,きくひめ きくひめぎんじょう,Kikuhime Kikuhime Ginjo,10007,菊姫合資会社,Kikuhime,https://find-sake.me/brewery/10007,https://www.kikuhime.co.jp/,吟醸酒,山田錦,55,16,,,,白山・手取川水系,速醸,,,,,A:メロン・白桃系,中庸・バランス系,5,2,3,5,2,4,4,720,false,false,2026-08-20
15099,https://find-sake.me/sake/15099,菊姫 菊理媛,きくひめ くくりひめ,Kikuhime Kukurihime,10007,菊姫合資会社,Kikuhime,https://find-sake.me/brewery/10007,https://www.kikuhime.co.jp/,大吟醸,山田錦,50,17,,,,,速醸,,熟成,,,D:熟成系,,2,3,5,4,5,2,2,720;1800,false,false,2026-08-20
39899,https://find-sake.me/sake/39899,菊姫 金劔,きくひめ きんけん,Kikuhime Kinken,10007,菊姫合資会社,Kikuhime,https://find-sake.me/brewery/10007,https://www.kikuhime.co.jp/,純米酒,山田錦,65,15,,,自社酵母,白山・手取川水系,速醸,,火入れ・1〜2年熟成（複数年ブレンド）,自社精米,,D:熟成系,中庸・バランス系,2,3,4,2,4,3,4,720;1800,false,false,2026-09-07
9940,https://find-sake.me/sake/9940,菊姫 鶴乃里,きくひめ つるのさと,Kikuhime Tsuru-no-sato,10007,菊姫合資会社,Kikuhime,https://find-sake.me/brewery/10007,https://www.kikuhime.co.jp/,純米,兵庫県三木市吉川町産山田錦100%,65,16,0,2,,,山廃仕込み,,,,,D:熟成系,重厚・乳酸系,4,4,4,3,4,4,3,720;1800,false,false,2026-09-07
30643,https://find-sake.me/sake/30643,菊姫 黒吟,きくひめ くろぎん,Kikuhime Kurogin,10007,菊姫合資会社,Kikuhime,https://find-sake.me/brewery/10007,https://www.kikuhime.co.jp/,大吟醸,山田錦,40,17,,,,,速醸,袋吊り,ビン貯蔵,,,D:熟成系,,3,2,4,5,3,5,4,720;1800,false,false,2026-08-20
58134,https://find-sake.me/sake/58134,萬歳楽 剱 -Tsurugi-,まんざいらく つるぎ,Manzairaku Tsurugi,10008,株式会社小堀酒造店,Kobori Shuzoten,https://find-sake.me/brewery/10008,https://manzairaku.co.jp/,純米,五百万石,70,15,,,協会701号,白山・手取川水系,山廃,,,,,C:バナナ系,重厚・乳酸系,5,5,4,2,4,5,3,300;720;1800,true,false,2026-09-02
35536,https://find-sake.me/sake/35536,萬歳楽 剱 山廃純米,まんざいらく つるぎ やまはいじゅんまい,Manzairaku Tsurugi Yamahai Junmai,10008,株式会社小堀酒造店,Kobori Shuzoten,https://find-sake.me/brewery/10008,https://manzairaku.co.jp/,純米,五百万石（石川県白山市産・晩植米）,68,16,,,協会701号,白山・手取川水系,山廃,,,,,E:穀物・ふくよか系,重厚・乳酸系,4,5,5,2,4,4,2,720;1800,false,false,2026-09-22
58336,https://find-sake.me/sake/58336,萬歳楽 杜氏厳選 純米大吟醸,まんざいらく とうじげんせん じゅんまいだいぎんじょう,Manzairaku Toji Gensen Junmai Daiginjo,10008,株式会社小堀酒造店,Kobori Shuzoten,https://find-sake.me/brewery/10008,https://manzairaku.co.jp/,純米大吟醸,百万石乃白（石川県白山市産）,35,16,,,金沢酵母1401号,白山・手取川水系,,,火入れ（一回火入れ）,,,C:バナナ系,中庸・バランス系,3,2,3,4,3,4,4,720,true,false,2026-09-02
805,https://find-sake.me/sake/805,萬歳楽 璃 -Shizuku-,まんざいらく しずく,Manzairaku Shizuku,10008,株式会社小堀酒造店,Kobori Shuzoten,https://find-sake.me/brewery/10008,https://manzairaku.co.jp/,純米吟醸,百万石乃白,60,16,,,協会901号,白山・手取川水系,,,,,,B:青リンゴ・レモン系,中庸・バランス系,4,3,3,3,3,5,4,300;720;1800,true,false,2026-09-02
62661,https://find-sake.me/sake/62661,萬歳楽 甚 -Jin-,まんざいらく じん,Manzairaku Jin,10008,株式会社小堀酒造店,Kobori Shuzoten,https://find-sake.me/brewery/10008,https://manzairaku.co.jp/,純米,北陸12号,68,16,,,協会601号,白山・手取川水系,,,,,,C:バナナ系,中庸・バランス系,4,4,4,2,4,4,3,300;720;1800,true,false,2026-09-02
58659,https://find-sake.me/sake/58659,萬歳楽 白山 純米大吟醸,まんざいらく はくさん じゅんまいだいぎんじょう,Manzairaku Hakusan Junmai Daiginjo,10008,株式会社小堀酒造店,Kobori Shuzoten,https://find-sake.me/brewery/10008,https://manzairaku.co.jp/,純米大吟醸,山田錦,50,15,,,秋田今野No.24,手取川水系伏流水,,,,,,A:メロン・白桃系,,3,4,4,5,4,4,4,300;720;1800,true,false,2026-09-02
22280,https://find-sake.me/sake/22280,萬歳楽 百万石乃白 純米大吟醸,まんざいらく ひゃくまんごくのしろ じゅんまいだいぎんじょう,Manzairaku Hyakumangoku-no-shiro Junmai Daiginjo,10008,株式会社小堀酒造店,Kobori Shuzoten,https://find-sake.me/brewery/10008,https://manzairaku.co.jp/,純米大吟醸,百万石乃白（石川県産100%）,40,15,4,1.2,,手取川水系伏流水,,,,,,A:メロン・白桃系,中庸・バランス系,3,2,2,4,2,4,4,720;1800,false,false,2026-09-07
15512,https://find-sake.me/sake/15512,萬歳楽 秋あがり 純米,ばんざいらく あきあがり じゅんまい,Manzairaku Akiagari Junmai,10008,株式会社小堀酒造店,Kobori Shuzoten,https://find-sake.me/brewery/10008,https://manzairaku.co.jp/,純米,山田錦,60,17,,,,白山・手取川水系,,,秋あがり,,,A:メロン・白桃系,中庸・バランス系,4,3,4,3,3,4,3,720,false,false,2026-08-30
58848,https://find-sake.me/sake/58848,萬歳楽 純米吟醸 ひやおろし,まんざいらく じゅんまいぎんじょう ひやおろし,Manzairaku Junmai Ginjo Hiyaoroshi,10008,株式会社小堀酒造店,Kobori Shuzoten,https://find-sake.me/brewery/10008,https://manzairaku.co.jp/,純米吟醸,五百万石（石川県白山市産）,55,17,2,,金沢酵母1401号,白山・手取川水系,,,ひやおろし,,,C:バナナ系,中庸・バランス系,3,3,4,4,4,4,3,720,false,false,2026-09-05
17163,https://find-sake.me/sake/17163,萬歳楽 純米吟醸 生酒 うすにごり,ばんざいらく じゅんまいぎんじょう なまざけ うすにごり,Manzairaku Junmai Ginjo Namazake Usunigori,10008,株式会社小堀酒造店,Kobori Shuzoten,https://find-sake.me/brewery/10008,https://manzairaku.co.jp/,純米吟醸,百万石乃白,60,15,,,秋田流花酵母 K1501号,白山・手取川水系,,うすにごり,生酒,,true,B:青リンゴ・レモン系,爽快・リンゴ酸系,4,4,3,4,2,4,4,720,false,false,2026-08-30
50932,https://find-sake.me/sake/50932,萬歳楽 純米酒 おんな川,まんざいらく じゅんまいしゅ おんながわ,Manzairaku Junmaishu Onnagawa,10008,株式会社小堀酒造店,Kobori Shuzoten,https://find-sake.me/brewery/10008,https://manzairaku.co.jp/,純米酒,,60,16,,,,白山・手取川水系,,,,,,C:バナナ系,中庸・バランス系,3,3,4,3,4,3,4,300;720;1800,false,false,2026-08-20
40735,https://find-sake.me/sake/40735,萬歳楽 翡 -Hisui-,まんざいらく ひすい,Manzairaku Hisui,10008,株式会社小堀酒造店,Kobori Shuzoten,https://find-sake.me/brewery/10008,https://manzairaku.co.jp/,純米酒,石川門,70,16,,,自社酵母 M2,,,,火入れ,,,A:メロン・白桃系,中庸・バランス系,3,3,4,4,4,3,4,300;720;1800,true,false,2026-09-07
41610,https://find-sake.me/sake/41610,萬歳楽 金花の舞 純米大吟醸,まんざいらく きんかのまい じゅんまいだいぎんじょう,Manzairaku Kinka-no-mai Junmai Daiginjo,10008,株式会社小堀酒造店,Kobori Shuzoten,https://find-sake.me/brewery/10008,https://manzairaku.co.jp/,純米大吟醸,百万石乃白,40,15,,,,手取川水系伏流水,,,,,,A:メロン・白桃系,中庸・バランス系,3,3,4,4,3,4,4,300;720,true,false,2026-09-02
22502,https://find-sake.me/sake/22502,蛍舞プラス,ほたるまいぷらす,Hotarumai Plus,10015,東酒造株式会社,Higashi Shuzo,https://find-sake.me/brewery/10015,http://www.sake-sinsen.co.jp/,特別純米,蛍米（コシヒカリ）,68,15,2,1.6,協会7号酵母,,,,,,,,,2,4,3,3,3,4,2,720,true,true,2026-08-20
39772,https://find-sake.me/sake/39772,蛍舞ポップスパークリング,ほたるまいぽっぷすぱーくりんぐ,Hotarumai Pop Sparkling,10015,東酒造株式会社,Higashi Shuzo,https://find-sake.me/brewery/10015,http://www.sake-sinsen.co.jp/,純米吟醸,コシヒカリ,60,14,,,,,瓶内二次発酵スパークリング,生酒,,,true,,,2,4,2,3,3,4,5,720,true,true,2026-08-20
45473,https://find-sake.me/sake/45473,蛍舞ポム,ほたるまいぽむ,Hotarumai Pomme,10015,東酒造株式会社,Higashi Shuzo,https://find-sake.me/brewery/10015,http://www.sake-sinsen.co.jp/,純米吟醸,蛍米（コシヒカリ）,60,14,,,,,,,,,,,,2,5,2,4,3,4,4,500,true,true,2026-08-20
52406,https://find-sake.me/sake/52406,裕恒 大吟醸 鑑 KAGAMI,ひろひさ だいぎんじょう かがみ,Hirohisa Daiginjo Kagami,10014,合同会社西出酒造,Nishide Shuzo,https://find-sake.me/brewery/10014,https://nishidesake.com/,大吟醸,,40,,,,,,,,,,,,中庸・バランス系,3,3,2,4,2,4,4,720,false,false,2026-08-20
31999,https://find-sake.me/sake/31999,裕恒 純米吟醸,ひろひさ じゅんまいぎんじょう,Hirohisa Junmai Ginjo,10014,合同会社西出酒造,Nishide Shuzo,https://find-sake.me/brewery/10014,https://nishidesake.com/,純米吟醸,,50,16,,,,,,,,,,,中庸・バランス系,3,3,3,4,3,3,3,720,false,false,2026-08-30
28673,https://find-sake.me/sake/28673,裕恒 純米大吟醸,ひろひさ じゅんまいだいぎんじょう,Hirohisa Junmai Daiginjo,10014,合同会社西出酒造,Nishide Shuzo,https://find-sake.me/brewery/10014,https://nishidesake.com/,純米大吟醸,,35,,,,,,,,,,,,中庸・バランス系,3,3,3,4,2,3,4,720,false,false,2026-08-20
12957,https://find-sake.me/sake/12957,谷泉 本醸造 しぼりたて,たにいずみ ほんじょうぞう しぼりたて,Taniizumi Honjozo Shiboritate,10026,株式会社鶴野酒造店,Tsuruno Shuzoten,https://find-sake.me/brewery/10026,https://www.taniizumi.com/,本醸造,麹米：五百万石（石川県産）、掛米：加工用米,65,18,,,,能登水系,,無濾過、おりがらみ,生原酒,,true,B:青リンゴ・レモン系,中庸・バランス系,4,3,3,3,4,5,3,720;1800,false,false,2026-09-05
21865,https://find-sake.me/sake/21865,谷泉 本醸造酒,たにいずみ ほんじょうぞうしゅ,Taniizumi Honjozoshu,10026,株式会社鶴野酒造店,Tsuruno Shuzoten,https://find-sake.me/brewery/10026,https://www.taniizumi.com/,本醸造,五百万石（石川県産）、能登ひかり,65,15,,,,,,,,,,E:穀物・ふくよか系,中庸・バランス系,4,3,4,2,3,4,4,720,false,false,2026-08-30
53936,https://find-sake.me/sake/53936,谷泉 特別純米 ひやおろし,たにいずみ とくべつじゅんまい ひやおろし,Taniizumi Tokubetsu Junmai Hiyaoroshi,10026,株式会社鶴野酒造店,Tsuruno Shuzoten,https://find-sake.me/brewery/10026,https://www.taniizumi.com/,特別純米,山田錦、五百万石,58,16,5,,,能登水系,,,ひやおろし,,,E:穀物・ふくよか系,中庸・バランス系,4,3,4,3,4,4,3,720;1800,false,false,2026-09-05
43,https://find-sake.me/sake/43,谷泉 特別純米 無濾過生原酒 Orangeラベル,たにいずみ とくべつじゅんまい むろかなまげんしゅ おれんじらべる,Taniizumi Tokubetsu Junmai Muroka Nama Genshu Orange Label,10026,株式会社鶴野酒造店,Tsuruno Shuzoten,https://find-sake.me/brewery/10026,https://www.taniizumi.com/,特別純米,五百万石,58,16,7,,金沢酵母,能登水系,,無濾過,生原酒,,,A:メロン・白桃系,中庸・バランス系,4,3,4,4,4,5,3,720;1800,false,false,2026-09-05
48096,https://find-sake.me/sake/48096,谷泉 特別純米酒,たにいずみ とくべつじゅんまいしゅ,Taniizumi Tokubetsu Junmaishu,10026,株式会社鶴野酒造店,Tsuruno Shuzoten,https://find-sake.me/brewery/10026,https://www.taniizumi.com/,特別純米,五百万石（石川県産）,50,16,,,金沢酵母,,,,,,,,中庸・バランス系,4,3,4,4,3,4,4,720,false,false,2026-08-30
44772,https://find-sake.me/sake/44772,谷泉 純米,たにいずみ じゅんまい,Taniizumi Junmai,10026,株式会社鶴野酒造店,Tsuruno Shuzoten,https://find-sake.me/brewery/10026,https://www.taniizumi.com/,純米酒,麹米：山田錦、掛米：五百万石（能登産）,60,15,,,金沢酵母,白山・手取川水系,,,火入れ,,,C:バナナ系,中庸・バランス系,3,3,4,4,3,3,4,720;1800,false,false,2026-09-05
29568,https://find-sake.me/sake/29568,谷泉 純米 ひやおろし,たにいずみ じゅんまい ひやおろし,Taniizumi Junmai Hiyaoroshi,10026,株式会社鶴野酒造店,Tsuruno Shuzoten,https://find-sake.me/brewery/10026,https://www.taniizumi.com/,純米酒,,60,15,,,,能登水系,,,ひやおろし、生詰,,,E:穀物・ふくよか系,中庸・バランス系,3,3,4,3,3,4,4,720,false,false,2026-09-06
45576,https://find-sake.me/sake/45576,谷泉 純米 生原酒,たにいずみ じゅんまい なまげんしゅ,Taniizumi Junmai Nama Genshu,10026,株式会社鶴野酒造店,Tsuruno Shuzoten,https://find-sake.me/brewery/10026,https://www.taniizumi.com/,純米酒,山田錦、五百万石（能登産）,70,15,,,金沢酵母,白山・手取川水系,,,生原酒,,true,C:バナナ系,中庸・バランス系,3,3,4,4,3,4,4,720;1800,false,false,2026-09-05
59670,https://find-sake.me/sake/59670,谷泉 純米吟醸,たにいずみ じゅんまいぎんじょう,Taniizumi Junmai Ginjo,10026,株式会社鶴野酒造店,Tsuruno Shuzoten,https://find-sake.me/brewery/10026,https://www.taniizumi.com/,純米吟醸,山田錦、石川門,50,16,6,1.6,金沢酵母,能登水系,,,,,,C:バナナ系,中庸・バランス系,4,4,4,4,3,4,4,720;1800,false,false,2026-09-05
56597,https://find-sake.me/sake/56597,谷泉 純米吟醸 無濾過生原酒 Blueラベル,たにいずみ じゅんまいぎんじょう むろかなまげんしゅ ぶるーらべる,Taniizumi Junmai Ginjo Muroka Nama Genshu Blue Label,10026,株式会社鶴野酒造店,Tsuruno Shuzoten,https://find-sake.me/brewery/10026,https://www.taniizumi.com/,純米吟醸,山田錦、五百万石,58,16,3,,自社酵母,能登水系,,無濾過,生原酒,,,A:メロン・白桃系,中庸・バランス系,3,3,4,4,4,4,3,720;1800,false,false,2026-09-05
22268,https://find-sake.me/sake/22268,谷泉 純米吟醸 無濾過生原酒 Greenラベル,たにいずみ じゅんまいぎんじょう むろかなまげんしゅ ぐりーんらべる,Taniizumi Junmai Ginjo Muroka Nama Genshu Green Label,10026,株式会社鶴野酒造店,Tsuruno Shuzoten,https://find-sake.me/brewery/10026,https://www.taniizumi.com/,純米吟醸,山田錦、五百万石,50,16,4,,協会1801号,能登水系,,無濾過,生原酒,,,A:メロン・白桃系,中庸・バランス系,3,3,4,5,5,4,3,720;1800,false,false,2026-09-05
10482,https://find-sake.me/sake/10482,谷泉 純米吟醸 無濾過生原酒 Sweet Harmony,たにいずみ じゅんまいぎんじょう むろかなまげんしゅ すいーとはーもにー,Taniizumi Junmai Ginjo Muroka Nama Genshu Sweet Harmony,10026,株式会社鶴野酒造店,Tsuruno Shuzoten,https://find-sake.me/brewery/10026,https://www.taniizumi.com/,純米吟醸,山田錦,58,15,-10,,,能登水系,,無濾過,生原酒,,,A:メロン・白桃系,中庸・バランス系,1,3,4,4,3,2,4,720,false,false,2026-09-05
50098,https://find-sake.me/sake/50098,谷泉 純米吟醸 無濾過生原酒 雄町,たにいずみ じゅんまいぎんじょう むろかなまげんしゅ おまち,Taniizumi Junmai Ginjo Muroka Nama Genshu Omachi,10026,株式会社鶴野酒造店,Tsuruno Shuzoten,https://find-sake.me/brewery/10026,https://www.taniizumi.com/,純米吟醸,雄町（100%）,58,16,2,,金沢酵母,能登水系,,無濾過,生原酒,,,C:バナナ系,中庸・バランス系,3,3,5,4,5,3,3,720;1800,false,false,2026-09-05
8689,https://find-sake.me/sake/8689,谷泉 純米吟醸 百万石乃白,たにいずみ じゅんまいぎんじょう ひゃくまんごくのしろ,Taniizumi Junmai Ginjo Hyakumangoku-no-shiro,10026,株式会社鶴野酒造店,Tsuruno Shuzoten,https://find-sake.me/brewery/10026,https://www.taniizumi.com/,純米吟醸,百万石乃白,55,16,2,,,能登水系,,無濾過,,,,A:メロン・白桃系,中庸・バランス系,3,3,3,4,3,4,4,720;1800,false,false,2026-09-05
41753,https://find-sake.me/sake/41753,谷泉 能登 凪,たにいずみ のと なぎ,Taniizumi Noto Nagi,10026,株式会社鶴野酒造店,Tsuruno Shuzoten,https://find-sake.me/brewery/10026,https://www.taniizumi.com/,純米酒,国産米,70,13,,,金沢酵母,,,,低アル原酒,,false,C:バナナ系,中庸・バランス系,4,3,4,4,2,4,5,720;1800,false,false,2026-09-07
57616,https://find-sake.me/sake/57616,谷泉 能登 陽,たにいずみ のと ひなた,Taniizumi Noto Hinata,10026,株式会社鶴野酒造店,Tsuruno Shuzoten,https://find-sake.me/brewery/10026,https://www.taniizumi.com/,純米酒,能登ひかり,70,13,,,金沢酵母,,,,低アル原酒,,true,C:バナナ系,爽快・リンゴ酸系,2,3,4,4,2,3,5,720;1800,false,false,2026-09-07
33946,https://find-sake.me/sake/33946,谷泉 能登鵜川,たにいずみ のとうかわ,Taniizumi Noto Ukawa,10026,株式会社鶴野酒造店,Tsuruno Shuzoten,https://find-sake.me/brewery/10026,https://www.taniizumi.com/,純米酒,国産米,70,15,,,,,,,火入れ,,,E:穀物・ふくよか系,中庸・バランス系,3,3,3,2,3,4,4,1800,false,false,2026-09-05
22275,https://find-sake.me/sake/22275,谷泉 袋しぼり 本醸造,たにいずみ ふくろしぼり ほんじょうぞう,Taniizumi Fukuroshibori Honjozo,10026,株式会社鶴野酒造店,Tsuruno Shuzoten,https://find-sake.me/brewery/10026,https://www.taniizumi.com/,本醸造,,,,,,,能登水系,,袋しぼり,火入れ,,,E:穀物・ふくよか系,中庸・バランス系,4,3,3,2,3,4,4,720;1800,false,false,2026-09-05
55786,https://find-sake.me/sake/55786,谷泉 超辛口 純米吟醸 娘Vsrsion 登雷,たにいずみ ちょうからくち じゅんまいぎんじょう むすめばーじょん とらい,Taniizumi Chokarakuchi Junmai Ginjo Musume Version Torai,10026,株式会社鶴野酒造店,Tsuruno Shuzoten,https://find-sake.me/brewery/10026,https://www.taniizumi.com/,純米吟醸,山田錦、五百万石,50,17,21,,金沢酵母,能登水系,,,火入れ,,,D:熟成系,中庸・バランス系,4,3,4,3,4,5,2,720;1800,false,false,2026-09-05
42440,https://find-sake.me/sake/42440,谷泉 超辛口 純米吟醸 母Vsrsion 登雷,たにいずみ ちょうからくち じゅんまいぎんじょう ははばーじょん とらい,Taniizumi Chokarakuchi Junmai Ginjo Haha Version Torai,10026,株式会社鶴野酒造店,Tsuruno Shuzoten,https://find-sake.me/brewery/10026,https://www.taniizumi.com/,純米吟醸,山田錦、五百万石,50,17,17,,金沢酵母,能登水系,,無濾過,生原酒,,,C:バナナ系,中庸・バランス系,4,3,5,3,5,5,2,720,false,false,2026-09-05
50246,https://find-sake.me/sake/50246,谷泉 超辛口 純米吟醸 無濾過生原酒 登雷,たにいずみ ちょうからくち じゅんまいぎんじょう むろかなまげんしゅ とらい,Taniizumi Chokarakuchi Junmai Ginjo Muroka Nama Genshu Torai,10026,株式会社鶴野酒造店,Tsuruno Shuzoten,https://find-sake.me/brewery/10026,https://www.taniizumi.com/,純米吟醸,山田錦、五百万石,50,17,21,,金沢酵母,能登水系,,無濾過,生原酒,,,C:バナナ系,中庸・バランス系,4,3,5,4,5,5,2,720;1800,false,false,2026-09-05
14670,https://find-sake.me/sake/14670,谷泉×加賀鳶 2026 純米吟醸,たにいずみ×かがとび 2026 じゅんまいぎんじょう,Taniizumi × Kagatobi 2026 Junmai Ginjo,10026,株式会社鶴野酒造店,Tsuruno Shuzoten,https://find-sake.me/brewery/10026,https://www.taniizumi.com/,純米吟醸,,60,15,4.7,1.5,T酵母、花酵母,,,,,,,A:メロン・白桃系,中庸・バランス系,3,4,3,4,3,4,3,1800,false,false,2026-08-20
2039,https://find-sake.me/sake/2039,谷泉×手取川 山廃 貴醸酒 hope&shine,たにいずみ かける てどりがわ やまはい きじょうしゅ ほーぷあんどしゃいん,Taniizumi x Tedorigawa Yamahai Kijoshu hope&shine,10026,株式会社鶴野酒造店,Tsuruno Shuzoten,https://find-sake.me/brewery/10026,https://www.taniizumi.com/,貴醸酒,百万石乃白（石川県産100%）,60,11,,,金沢酵母,白山・手取川水系,モダン山廃,,火入れ、低アル原酒,,,A:メロン・白桃系,爽快・リンゴ酸系,1,4,4,4,4,3,3,720;1800,false,false,2026-09-05
13589,https://find-sake.me/sake/13589,辛口 鐘馗 本醸造,からくち しょうき ほんじょうぞう,Karakuchi Shoki Honjozo,10034,橋本酒造株式会社,Hashimoto Shuzo,https://find-sake.me/brewery/10034,https://judaime.com/,本醸造,,,15,,,,,,木槽酒袋しぼり,,,,,中庸・バランス系,4,3,2,2,2,4,4,720;1800,false,false,2026-09-04
52060,https://find-sake.me/sake/52060,辛口仕込 鼓,からくちじこみ つづみ,Karakuchi Jikomi Tsuzumi,10003,中村酒造株式会社,Nakamura Shuzo,https://find-sake.me/brewery/10003,https://www.nakamura-shuzou.co.jp/,普通酒,五百万石,70,14,7,1.8,,白山水系,低温熟成仕込み,,火入れ,,,B:青リンゴ・レモン系,中庸・バランス系,4,4,3,2,2,4,4,720;1800,true,true,2026-08-26
33029,https://find-sake.me/sake/33029,農口尚彦 90 YEARS OLD Special Edition Vol.4 赤 山廃吟醸 無濾過生原酒,のぐちなおひこ 90 いやーず おーるど すぺしゃる えでぃしょん ぼりゅーむ4 あか やまはいぎんじょう むろかなまげんしゅ,Noguchi Naohiko 90 Years Old Special Edition Vol.4 Aka Yamahai Ginjo Muroka Nama Genshu,10033,農口尚彦研究所,Noguchi Naohiko Sake Institute,https://find-sake.me/brewery/10033,https://noguchi-naohiko.co.jp/,吟醸酒,愛山（兵庫県産）,55,18,,,,,山廃,無濾過,生酒、原酒,,,,,2,5,5,5,5,5,3,750,false,false,2026-08-20
46930,https://find-sake.me/sake/46930,農口尚彦 90 YEARS OLD Special Edition Vol.5 ゴールド 山廃純米大吟醸 無濾過生原酒,のぐちなおひこ 90 いやーず おーるど すぺしゃる えでぃしょん ぼりゅーむ5 ごーるど やまはいじゅんまいだいぎんじょう むろかなまげんしゅ,Noguchi Naohiko 90 Years Old Special Edition Vol.5 Gold Yamahai Junmai Daiginjo Muroka Nama Genshu,10033,農口尚彦研究所,Noguchi Naohiko Sake Institute,https://find-sake.me/brewery/10033,https://noguchi-naohiko.co.jp/,純米大吟醸,山田錦（兵庫県産）,35,17,,,,,山廃,無濾過,生酒、原酒,,,,,2,5,5,5,5,4,2,750,false,false,2026-09-06
40026,https://find-sake.me/sake/40026,農口尚彦研究所 カップ酒 石川美味物バージョン,のぐちなおひこけんきゅうしょ かっぷざけ いしかわうまいものばーじょん,Noguchi Naohiko Sake Institute Cup Sake Ishikawa Umaimono Version,10033,農口尚彦研究所,Noguchi Naohiko Sake Institute,https://find-sake.me/brewery/10033,https://noguchi-naohiko.co.jp/,,五百万石,,20,,,,,,無濾過,原酒,,,,,2,3,4,2,5,3,3,180,false,false,2026-08-20
42378,https://find-sake.me/sake/42378,農口尚彦研究所 カップ酒 石川観光地バージョン,のぐちなおひこけんきゅうしょ かっぷざけ いしかわかんこうちばーじょん,Noguchi Naohiko Sake Institute Cup Sake Ishikawa Kankochi Version,10033,農口尚彦研究所,Noguchi Naohiko Sake Institute,https://find-sake.me/brewery/10033,https://noguchi-naohiko.co.jp/,,五百万石,,20,,,,,,無濾過,原酒,,,,,2,3,4,2,5,3,3,180,false,false,2026-08-20
51547,https://find-sake.me/sake/51547,農口尚彦研究所 ひやおろし 無濾過原酒,のぐちなおひこけんきゅうしょ ひやおろし むろかげんしゅ,Noguchi Naohiko Sake Institute Hiyaoroshi Muroka Genshu,10033,農口尚彦研究所,Noguchi Naohiko Sake Institute,https://find-sake.me/brewery/10033,https://noguchi-naohiko.co.jp/,,五百万石,,19,,,,白山・手取川水系,,無濾過,ひやおろし、原酒,,,D:熟成系,中庸・バランス系,3,3,5,3,4,4,3,720;1800,false,false,2026-08-30
5229,https://find-sake.me/sake/5229,農口尚彦研究所 夏の生酒 無濾過生酒 2025,のぐちなおひこけんきゅうしょ なつのなまざけ むろかなまざけ 2025,Noguchi Naohiko Sake Institute Natsu-no-namazake Muroka Namazake 2025,10033,農口尚彦研究所,Noguchi Naohiko Sake Institute,https://find-sake.me/brewery/10033,https://noguchi-naohiko.co.jp/,,五百万石,,17,,,,,,無濾過,生酒,,,,,4,3,4,3,3,5,3,720;1800,false,false,2026-09-07
52180,https://find-sake.me/sake/52180,農口尚彦研究所 山廃 無濾過生原酒 五百万石 2018,のぐちなおひこけんきゅうしょ やまはい むろかなまげんしゅ ごひゃくまんごく 2018,Noguchi Naohiko Sake Institute Yamahai Muroka Nama Genshu Gohyakumangoku 2018,10033,農口尚彦研究所,Noguchi Naohiko Sake Institute,https://find-sake.me/brewery/10033,https://noguchi-naohiko.co.jp/,,五百万石,65,19,,,,,山廃,無濾過,生酒、原酒,,,D:熟成系,重厚・乳酸系,3,5,5,3,5,2,1,720;1800,false,false,2026-08-20
809,https://find-sake.me/sake/809,農口尚彦研究所 山廃 無濾過生原酒 五百万石 2019,のぐちなおひこけんきゅうしょ やまはい むろかなまげんしゅ ごひゃくまんごく 2019,Noguchi Naohiko Sake Institute Yamahai Muroka Nama Genshu Gohyakumangoku 2019,10033,農口尚彦研究所,Noguchi Naohiko Sake Institute,https://find-sake.me/brewery/10033,https://noguchi-naohiko.co.jp/,,五百万石（北陸産）,65,19,,,,,古典的山廃,無濾過,生酒、原酒,,,D:熟成系,重厚・乳酸系,3,5,5,3,5,3,2,720;1800,false,false,2026-09-07
34522,https://find-sake.me/sake/34522,農口尚彦研究所 山廃 無濾過生原酒 愛山 2019,のぐちなおひこけんきゅうしょ やまはい むろかなまげんしゅ あいやま 2019,Noguchi Naohiko Sake Institute Yamahai Muroka Nama Genshu Aiyama 2019,10033,農口尚彦研究所,Noguchi Naohiko Sake Institute,https://find-sake.me/brewery/10033,https://noguchi-naohiko.co.jp/,,愛山,55,19,,,,,古典的山廃,無濾過,生酒、原酒,,,A:メロン・白桃系,重厚・乳酸系,2,4,5,4,5,2,2,720;1800,false,false,2026-08-20
41286,https://find-sake.me/sake/41286,農口尚彦研究所 山廃 無濾過生原酒 美山錦 2019,のぐちなおひこけんきゅうしょ やまはい むろかなまげんしゅ みやまにしき 2019,Noguchi Naohiko Sake Institute Yamahai Muroka Nama Genshu Miyama Nishiki 2019,10033,農口尚彦研究所,Noguchi Naohiko Sake Institute,https://find-sake.me/brewery/10033,https://noguchi-naohiko.co.jp/,,美山錦、山田錦,55,19,,,,,山廃,無濾過,生酒、原酒,,,B:青リンゴ・レモン系,中庸・バランス系,4,4,3,4,3,5,3,720;1800,false,false,2026-08-20
59077,https://find-sake.me/sake/59077,農口尚彦研究所 山廃 無濾過生原酒 雄町 2020,のぐちなおひこけんきゅうしょ やまはい むろかなまげんしゅ おまち 2020,Noguchi Naohiko Sake Institute Yamahai Muroka Nama Genshu Omachi 2020,10033,農口尚彦研究所,Noguchi Naohiko Sake Institute,https://find-sake.me/brewery/10033,https://noguchi-naohiko.co.jp/,,雄町,55,18,,,,,古典的山廃,無濾過,生酒、原酒,,,A:メロン・白桃系,重厚・乳酸系,3,5,5,5,5,2,1,720;1800,false,false,2026-08-20
21987,https://find-sake.me/sake/21987,農口尚彦研究所 山廃 無濾過生原酒 雄町 2021,のぐちなおひこけんきゅうしょ やまはい むろかなまげんしゅ おまち 2021,Noguchi Naohiko Sake Institute Yamahai Muroka Nama Genshu Omachi 2021,10033,農口尚彦研究所,Noguchi Naohiko Sake Institute,https://find-sake.me/brewery/10033,https://noguchi-naohiko.co.jp/,,雄町,55,20,,,,,古典的山廃,無濾過,生酒、原酒,,,A:メロン・白桃系,重厚・乳酸系,3,5,5,5,5,3,1,720,false,false,2026-08-20
29863,https://find-sake.me/sake/29863,農口尚彦研究所 山廃純米大吟醸 山田錦 2020,のぐちなおひこけんきゅうしょ やまはい じゅんまいだいぎんじょう やまだにしき 2020,Noguchi Naohiko Sake Institute Yamahai Junmai Daiginjo Yamada Nishiki 2020,10033,農口尚彦研究所,Noguchi Naohiko Sake Institute,https://find-sake.me/brewery/10033,https://noguchi-naohiko.co.jp/,純米大吟醸,山田錦,,,,,,,山廃,,,,,A:メロン・白桃系,中庸・バランス系,3,4,4,5,4,4,4,750,false,false,2026-09-06
3299,https://find-sake.me/sake/3299,農口尚彦研究所 春のしぼりたて 無濾過生原酒 うすにごり 2025,のぐちなおひこけんきゅうしょ はるのしぼりたて むろかなまげんしゅ うすにごり 2025,Noguchi Naohiko Sake Institute Haru-no-shiboritate Muroka Nama Genshu Usunigori 2025,10033,農口尚彦研究所,Noguchi Naohiko Sake Institute,https://find-sake.me/brewery/10033,https://noguchi-naohiko.co.jp/,,五百万石,,19,,,,,,無濾過、うすにごり,生酒、原酒,,,A:メロン・白桃系,,2,3,4,4,5,4,2,720;1800,false,false,2026-09-07
60174,https://find-sake.me/sake/60174,農口尚彦研究所 有機米使用 純米吟醸 無濾過生原酒 2020,のぐちなおひこけんきゅうしょ ゆうきまいしよう じゅんまいぎんじょう むろかなまげんしゅ 2020,Noguchi Naohiko Sake Institute Yukimai Shiyo Junmai Ginjo Muroka Nama Genshu 2020,10033,農口尚彦研究所,Noguchi Naohiko Sake Institute,https://find-sake.me/brewery/10033,https://noguchi-naohiko.co.jp/,純米吟醸,五百万石,,19,,,,,,無濾過,生酒、原酒,,,A:メロン・白桃系,,2,4,4,4,5,4,2,300;720,false,false,2026-08-20
57268,https://find-sake.me/sake/57268,農口尚彦研究所 本醸造酒 無濾過生原酒 2024,のぐちなおひこけんきゅうしょ ほんじょうぞうしゅ むろかなまげんしゅ 2024,Noguchi Naohiko Sake Institute Honjozoshu Muroka Nama Genshu 2024,10033,農口尚彦研究所,Noguchi Naohiko Sake Institute,https://find-sake.me/brewery/10033,https://noguchi-naohiko.co.jp/,本醸造酒,五百万石,60,19,,,,,,無濾過,生酒、原酒,,,,中庸・バランス系,4,3,4,4,5,5,2,720;1800,false,false,2026-08-20
53865,https://find-sake.me/sake/53865,農口尚彦研究所 純米 無濾過生原酒 2024,のぐちなおひこけんきゅうしょ じゅんまい むろかなまげんしゅ 2024,Noguchi Naohiko Sake Institute Junmai Muroka Nama Genshu 2024,10033,農口尚彦研究所,Noguchi Naohiko Sake Institute,https://find-sake.me/brewery/10033,https://noguchi-naohiko.co.jp/,純米酒,五百万石（石川県産）,60,19,,,,,,無濾過,生酒、原酒,,,,,3,3,4,3,4,4,3,720;1800,false,false,2026-08-20
46580,https://find-sake.me/sake/46580,農口尚彦研究所 純米 無濾過生原酒 美山錦 2022,のぐちなおひこけんきゅうしょ じゅんまい むろかなまげんしゅ みやまにしき 2022,Noguchi Naohiko Sake Institute Junmai Muroka Nama Genshu Miyama Nishiki 2022,10033,農口尚彦研究所,Noguchi Naohiko Sake Institute,https://find-sake.me/brewery/10033,https://noguchi-naohiko.co.jp/,純米酒,美山錦,60,18,,,,,,無濾過,生酒、原酒,,,A:メロン・白桃系,,3,4,4,4,4,4,3,720;1800,false,false,2026-08-20
42913,https://find-sake.me/sake/42913,農口尚彦研究所 純米大吟醸 無濾過原酒 山田錦 2019,のぐちなおひこけんきゅうしょ じゅんまいだいぎんじょう むろかげんしゅ やまだにしき 2019,Noguchi Naohiko Sake Institute Junmai Daiginjo Muroka Genshu Yamada Nishiki 2019,10033,農口尚彦研究所,Noguchi Naohiko Sake Institute,https://find-sake.me/brewery/10033,https://noguchi-naohiko.co.jp/,純米大吟醸,山田錦（兵庫県産）,50,18,,,,,,無濾過,原酒,,,A:メロン・白桃系,,5,3,4,5,5,5,1,720,false,false,2026-08-20
2149,https://find-sake.me/sake/2149,農口尚彦研究所 純米大吟醸 無濾過生原酒 2019,のぐちなおひこけんきゅうしょ じゅんまいだいぎんじょう むろかなまげんしゅ 2019,Noguchi Naohiko Sake Institute Junmai Daiginjo Muroka Nama Genshu 2019,10033,農口尚彦研究所,Noguchi Naohiko Sake Institute,https://find-sake.me/brewery/10033,https://noguchi-naohiko.co.jp/,純米大吟醸,山田錦,50,17,,,,,,無濾過,生酒、原酒,,,A:メロン・白桃系,,4,3,4,5,5,4,2,720;1800,false,false,2026-08-20
29106,https://find-sake.me/sake/29106,農口尚彦研究所 観音下,のぐちなおひこけんきゅうしょ かながそ,Noguchi Naohiko Sake Institute Kanagaso,10033,農口尚彦研究所,Noguchi Naohiko Sake Institute,https://find-sake.me/brewery/10033,https://noguchi-naohiko.co.jp/,本醸造,五百万石,,20,,,,,無濾過原酒,,,,,C:バナナ系,中庸・バランス系,4,3,4,3,2,4,4,720;1800,false,false,2026-09-07
56891,https://find-sake.me/sake/56891,農口尚彦研究所 観音下 大吟醸,のぐちなおひこけんきゅうしょ かながそ だいぎんじょう,Noguchi Naohiko Sake Institute Kanagaso Daiginjo,10033,農口尚彦研究所,Noguchi Naohiko Sake Institute,https://find-sake.me/brewery/10033,https://noguchi-naohiko.co.jp/,大吟醸,山田錦100%,50,19,,,,白山・手取川水系,,無濾過,原酒,,,D:熟成系,中庸・バランス系,3,3,4,4,5,4,3,720,false,false,2026-09-07
45878,https://find-sake.me/sake/45878,遊穂 ゆうほのあお 純米酒,ゆうほ ゆうほのあお じゅんまいしゅ,Yuho Yuho-no-ao Junmaishu,10021,御祖酒造株式会社,Mioya Shuzo,https://find-sake.me/brewery/10021,http://mioya-sake.com/,純米酒,山田錦（兵庫県黒田庄「躍動塾」産）,60,16,3.8,2,熊本酵母（KA-4）,能登水系,,,火入れ,扁平精米,,D:熟成系,中庸・バランス系,4,5,4,3,3,3,4,720;1800,false,false,2026-09-07
16183,https://find-sake.me/sake/16183,遊穂 ゆうほのあか 山おろし純米吟醸,ゆうほ ゆうほのあか やまおろしじゅんまいぎんじょう,Yuho Yuho-no-aka Yamaoroshi Junmai Ginjo,10021,御祖酒造株式会社,Mioya Shuzo,https://find-sake.me/brewery/10021,http://mioya-sake.com/,純米吟醸,山田錦、美山錦,55,17,3,2.6,熊本酵母（KA-1）,能登水系,古典的生酛,,火入れ、原酒,,,D:熟成系,重厚・乳酸系,3,5,5,3,4,3,2,720;1800,false,false,2026-09-07
40589,https://find-sake.me/sake/40589,遊穂 ゆうほのあか 山おろし純米吟醸 無濾過生原酒,ゆうほ ゆうほのあか やまおろしじゅんまいぎんじょう むろかなまげんしゅ,Yuho Yuho-no-aka Yamaoroshi Junmai Ginjo Muroka Nama Genshu,10021,御祖酒造株式会社,Mioya Shuzo,https://find-sake.me/brewery/10021,http://mioya-sake.com/,純米吟醸,山田錦、美山錦,55,17,5.5,2.1,熊本酵母（KA-1）,能登水系,古典的生酛,無濾過,生酒、原酒,,,E:穀物・ふくよか系,重厚・乳酸系,3,5,5,4,5,4,2,720;1800,false,false,2026-08-20
15569,https://find-sake.me/sake/15569,遊穂 山おろし純米酒,ゆうほ やまおろしじゅんまいしゅ,Yuho Yamaoroshi Junmaishu,10021,御祖酒造株式会社,Mioya Shuzo,https://find-sake.me/brewery/10021,http://mioya-sake.com/,純米酒,五百万石、能登ひかり,60,15,6,2.2,,能登水系,古典的生酛,,火入れ、熟成,,,D:熟成系,重厚・乳酸系,4,5,5,2,4,3,2,720,false,false,2026-08-20
30823,https://find-sake.me/sake/30823,遊穂 山おろし純米酒 無濾過生原酒,ゆうほ やまおろしじゅんまいしゅ むろかなまげんしゅ,Yuho Yamaoroshi Junmaishu Muroka Nama Genshu,10021,御祖酒造株式会社,Mioya Shuzo,https://find-sake.me/brewery/10021,http://mioya-sake.com/,純米酒,五百万石、能登ひかり,61,17,5.9,2.4,協会9号酵母,能登水系,古典的生酛,無濾過,生酒、原酒,,,E:穀物・ふくよか系,重厚・乳酸系,4,5,5,3,5,4,1,720;1800,false,false,2026-08-20
58267,https://find-sake.me/sake/58267,遊穂 湯〜ほっ。,ゆうほ ゆ〜ほっ。,Yuho Yu~ho.,10021,御祖酒造株式会社,Mioya Shuzo,https://find-sake.me/brewery/10021,http://mioya-sake.com/,純米酒,麹米:五百万石（石川県産・25%） / 掛米:能登ひかり（石川県産・75%）,58,15,5.6,2.2,協会9号酵母,能登水系,,,古酒,,,D:熟成系,重厚・乳酸系,4,5,5,2,4,2,2,1800,false,false,2026-08-20
54224,https://find-sake.me/sake/54224,遊穂 生酛純米 百万石ノ白,ゆうほ きもとじゅんまい ひゃくまんごくのしろ,Yuho Kimoto Junmai Hyakumangoku-no-shiro,10021,御祖酒造株式会社,Mioya Shuzo,https://find-sake.me/brewery/10021,http://mioya-sake.com/,純米酒,百万石乃白、山田錦,68,14,3.2,1.8,金沢酵母,能登水系,モダン生酛,,火入れ、低アル原酒,,,C:バナナ系,爽快・リンゴ酸系,3,5,3,3,3,3,4,720;1800,false,false,2026-09-07
694,https://find-sake.me/sake/694,遊穂 碧 純米大吟醸 百万石乃白,ゆうほ ぺき じゅんまいだいぎんじょう ひゃくまんごくのしろ,Yuho Peki Junmai Daiginjo Hyakumangoku-no-shiro,10021,御祖酒造株式会社,Mioya Shuzo,https://find-sake.me/brewery/10021,http://mioya-sake.com/,純米大吟醸,百万石乃白100%（石川県産）,48,16,2,1.6,,能登水系,,,火入れ,,,B:青リンゴ・レモン系,中庸・バランス系,3,4,3,4,3,5,4,720,false,false,2026-08-20
35569,https://find-sake.me/sake/35569,遊穂 純米吟醸 山田錦・美山錦55,ゆうほ じゅんまいぎんじょう やまだにしき・みやまにしき55,Yuho Junmai Ginjo Yamada Nishiki / Miyama Nishiki 55,10021,御祖酒造株式会社,Mioya Shuzo,https://find-sake.me/brewery/10021,http://mioya-sake.com/,純米吟醸,山田錦（麹米・兵庫県西脇市黒田庄躍感塾産）／美山錦（掛米・長野県上伊那郡飯島町産）,55,16.3,5.1,1.9,熊本酵母（KA-1）,能登水系,,,火入れ,,,C:バナナ系,中庸・バランス系,3,5,4,3,5,4,3,720;1800,false,false,2026-08-20
59926,https://find-sake.me/sake/59926,遊穂 純米吟醸 山田錦・美山錦55 無濾過生原酒,ゆうほ じゅんまいぎんじょう やまだにしき・みやまにしき55 むろかなまげんしゅ,Yuho Junmai Ginjo Yamada Nishiki / Miyama Nishiki 55 Muroka Nama Genshu,10021,御祖酒造株式会社,Mioya Shuzo,https://find-sake.me/brewery/10021,http://mioya-sake.com/,純米吟醸,山田錦24%（麹米・兵庫県黒田庄躍感塾産）／美山錦76%（掛米・長野県飯島産）,55,16,4.7,1.8,熊本酵母（KA-1）,能登水系,,無濾過,生原酒,,,C:バナナ系,中庸・バランス系,3,5,5,4,5,5,3,720;1800,false,false,2026-09-07
4512,https://find-sake.me/sake/4512,遊穂 純米吟醸 山田錦50,ゆうほ じゅんまいぎんじょう やまだにしき50,Yuho Junmai Ginjo Yamada Nishiki 50,10021,御祖酒造株式会社,Mioya Shuzo,https://find-sake.me/brewery/10021,http://mioya-sake.com/,純米吟醸,山田錦（兵庫県西脇市黒田庄「躍感塾」産100%）,50,16,4.3,1.9,熊本酵母（KA-1）,能登水系,,,火入れ,,,C:バナナ系,中庸・バランス系,3,5,4,3,4,4,3,720,false,false,2026-09-22
32071,https://find-sake.me/sake/32071,遊穂 純米酒,ゆうほ じゅんまいしゅ,Yuho Junmaishu,10021,御祖酒造株式会社,Mioya Shuzo,https://find-sake.me/brewery/10021,http://mioya-sake.com/,純米酒,麹米:五百万石（石川県産） / 掛米:能登ひかり（石川県産）,58,16,5.2,2,,能登水系,,,火入れ,,,E:穀物・ふくよか系,中庸・バランス系,4,5,4,2,4,4,3,720;1800,false,false,2026-09-07
43294,https://find-sake.me/sake/43294,遊穂 純米酒 無濾過生原酒,ゆうほ じゅんまいしゅ むろかなまげんしゅ,Yuho Junmaishu Muroka Nama Genshu,10021,御祖酒造株式会社,Mioya Shuzo,https://find-sake.me/brewery/10021,http://mioya-sake.com/,純米酒,麹米:五百万石（石川県産） / 掛米:能登ひかり（石川県産）,58,17.5,5.4,2.1,協会9号酵母,能登水系,,無濾過,生原酒,,,C:バナナ系,重厚・乳酸系,4,5,5,3,5,4,2,720;1800,false,false,2026-09-07
52164,https://find-sake.me/sake/52164,遊穂 紺 熟成純米大吟醸,ゆうほ こん じゅくせいじゅんまいだいぎんじょう,Yuho Kon Jukusei Junmai Daiginjo,10021,御祖酒造株式会社,Mioya Shuzo,https://find-sake.me/brewery/10021,http://mioya-sake.com/,純米大吟醸,山田錦（兵庫県西脇市黒田庄「躍感塾」産100%）,40,16.6,3,1.7,,能登水系,,,古酒,,,D:熟成系,中庸・バランス系,3,4,4,3,3,2,3,720,false,false,2026-08-20
4861,https://find-sake.me/sake/4861,酒峰加越 朱ノ吟,しゅほうかえつ あかのぎん,Shuho Kaetsu Aka-no-gin,10011,株式会社加越,Kaetsu,https://find-sake.me/brewery/10011,https://www.kanpaku.co.jp/,大吟醸,山田錦,38,15.5,4,1.3,協会1801号,,,袋しぼり,,,,A:メロン・白桃系,,3,3,3,5,3,5,5,720;1800,false,false,2026-08-20
50463,https://find-sake.me/sake/50463,酒峰加越 紫ノ氣,しゅほうかえつ むらさきのいき,Shuho Kaetsu Murasaki-no-iki,10011,株式会社加越,Kaetsu,https://find-sake.me/brewery/10011,https://www.kanpaku.co.jp/,大吟醸,山田錦,38,17.5,,,,白山・手取川水系,,,原酒,,,A:メロン・白桃系,中庸・バランス系,4,2,4,5,4,4,3,720,false,false,2026-08-20
34984,https://find-sake.me/sake/34984,酒峰加越 黒ノ滴,しゅほうかえつ くろのしずく,Shuho Kaetsu Kuro-no-shizuku,10011,株式会社加越,Kaetsu,https://find-sake.me/brewery/10011,https://www.kanpaku.co.jp/,大吟醸,山田錦,38,17.5,5.5,1.3,協会1801号,白山・手取川水系,,中取り,原酒,,,A:メロン・白桃系,中庸・バランス系,3,3,2,5,3,5,4,720;1800,false,false,2026-09-07
25597,https://find-sake.me/sake/25597,酒袋吊るし 十代目 しぼりたて生酒,さかぶくろつるし じゅうだいめ しぼりたてなまざけ,Sakabukuro Tsurushi Judaime Shiboritate Namazake,10034,橋本酒造株式会社,Hashimoto Shuzo,https://find-sake.me/brewery/10034,https://judaime.com/,本醸造,,,18,,,,,,酒袋吊るし（雫取り・無加圧）、無濾過,生原酒（要冷蔵）,,,C:バナナ系,中庸・バランス系,4,3,4,3,5,4,2,720,false,false,2026-09-04
44174,https://find-sake.me/sake/44174,酒袋吊るし 純米生原酒 重右衛門,さかぶくろつるし じゅんまいなまげんしゅ じゅうえもん,Sakabukuro Tsurushi Junmai Nama Genshu Juemon,10034,橋本酒造株式会社,Hashimoto Shuzo,https://find-sake.me/brewery/10034,https://judaime.com/,純米酒,五百万石,70,17,,,,,,酒袋吊るし（雫取り・無加圧）,生原酒（要冷蔵）,,,,中庸・バランス系,4,3,4,4,5,4,2,720;1800,false,false,2026-09-04
18325,https://find-sake.me/sake/18325,酒袋吊るし 醪のささやき,さかぶくろつるし もろみのささやき,Sakabukuro Tsurushi Moromi no Sasayaki,10034,橋本酒造株式会社,Hashimoto Shuzo,https://find-sake.me/brewery/10034,https://judaime.com/,本醸造,国産米,70,18.5,,,,,,酒袋吊るし（雫取り・無加圧）,生原酒（要冷蔵）,,,,中庸・バランス系,4,3,3,3,5,5,2,720;1800,false,false,2026-09-04
40571,https://find-sake.me/sake/40571,金乃澤 金沢金箔入,きんのさわ かなざわきんぱくいり,Kin-no-sawa Kanazawa Kinpaku-iri,10006,株式会社金谷酒造店,Kanaya Shuzoten,https://find-sake.me/brewery/10006,https://www.hakusan-takasago.jp/,本醸造酒,酒造好適米,60,15,,,,白山・手取川水系,,,,,,,中庸・バランス系,3,3,3,3,3,4,5,250;720,false,false,2026-08-20
44538,https://find-sake.me/sake/44538,金沢美人 純米吟醸 あまくち,かなざわびじん じゅんまいぎんじょう あまくち,Kanazawa Bijin Junmai Ginjo Amakuchi,10004,株式会社福光屋,Fukumitsuya,https://find-sake.me/brewery/10004,https://www.fukumitsuya.co.jp/,純米吟醸,金沢美人,60,13,-17,1.4,,白山水系,,,,,,D:熟成系,中庸・バランス系,1,3,5,4,3,1,5,500,false,false,2026-08-20
36406,https://find-sake.me/sake/36406,金澤 加賀金箔入,かなざわ かがきんぱくいり,Kanazawa Kaga Kinpaku-iri,10003,中村酒造株式会社,Nakamura Shuzo,https://find-sake.me/brewery/10003,https://www.nakamura-shuzou.co.jp/,普通酒,,65,14,4,2,,白山水系,,,火入れ,,,,中庸・バランス系,4,3,2,2,1,5,5,500,true,true,2026-08-26
42417,https://find-sake.me/sake/42417,金澤中村屋 夏の生酒 純米吟醸生原酒,かなざわなかむらや なつのなまざけ じゅんまいぎんじょうなまげんしゅ,Kanazawa Nakamuraya Natsu-no-namazake Junmai Ginjo Nama Genshu,10003,中村酒造株式会社,Nakamura Shuzo,https://find-sake.me/brewery/10003,https://www.nakamura-shuzou.co.jp/,純米吟醸酒,五百万石,58,16,0,1.8,吟醸酵母（金沢酵母）,白山水系,低温発酵,,生酒 / 原酒,,,A:メロン・白桃系,爽快・リンゴ酸系,3,4,3,4,4,4,4,720,true,true,2026-08-26
20060,https://find-sake.me/sake/20060,金澤中村屋 無濾過特別純米,かなざわなかむらや むろかとくべつじゅんまい,Kanazawa Nakamuraya Muroka Tokubetsu Junmai,10003,中村酒造株式会社,Nakamura Shuzo,https://find-sake.me/brewery/10003,https://www.nakamura-shuzou.co.jp/,特別純米酒,五百万石,58,16,3,2,14号酵母(金沢酵母),白山水系,,無濾過,火入れ,,,,,4,4,5,4,5,4,3,720;1800,true,true,2026-08-26
41771,https://find-sake.me/sake/41771,金澤中村屋 純米,かなざわなかむらや じゅんまい,Kanazawa Nakamuraya Junmai,10003,中村酒造株式会社,Nakamura Shuzo,https://find-sake.me/brewery/10003,https://www.nakamura-shuzou.co.jp/,純米酒,五百万石,58,14,3,1.5,,白山水系,,,火入れ,,,,中庸・バランス系,4,3,3,2,2,4,4,720;1800,true,true,2026-08-26
19985,https://find-sake.me/sake/19985,金澤中村屋 純米 生原酒 しぼりたて,かなざわなかむらや じゅんまい なまげんしゅ しぼりたて,Kanazawa Nakamuraya Junmai Nama Genshu Shiboritate,10003,中村酒造株式会社,Nakamura Shuzo,https://find-sake.me/brewery/10003,https://www.nakamura-shuzou.co.jp/,純米酒,五百万石（石川県産100%）,58,16,,,,白山水系,,,しぼりたて / 生酒 / 原酒,,,B:青リンゴ・レモン系,中庸・バランス系,4,3,4,3,4,4,3,720,false,false,2026-09-06
52842,https://find-sake.me/sake/52842,金澤中村屋 純米にごり酒,かなざわなかむらや じゅんまいにごりざけ,Kanazawa Nakamuraya Junmai Nigorizake,10003,中村酒造株式会社,Nakamura Shuzo,https://find-sake.me/brewery/10003,https://www.nakamura-shuzou.co.jp/,純米酒,五百万石,58,15,,,,白山水系,,にごり,火入れ,,true,C:バナナ系,中庸・バランス系,2,3,5,3,5,4,4,720,true,true,2026-08-26
2718,https://find-sake.me/sake/2718,金澤中村屋 純米吟醸,かなざわなかむらや じゅんまいぎんじょう,Kanazawa Nakamuraya Junmai Ginjo,10003,中村酒造株式会社,Nakamura Shuzo,https://find-sake.me/brewery/10003,https://www.nakamura-shuzou.co.jp/,純米吟醸酒,五百万石,58,15,0,1.6,14号酵母、18号酵母,白山水系,,,火入れ,,,,,3,3,4,4,4,4,4,300;720;1800,true,true,2026-08-26
34588,https://find-sake.me/sake/34588,金澤中村屋 純米吟醸 ひやおろし,かなざわなかむらや じゅんまいぎんじょう ひやおろし,Kanazawa Nakamuraya Junmai Ginjo Hiyaoroshi,10003,中村酒造株式会社,Nakamura Shuzo,https://find-sake.me/brewery/10003,https://www.nakamura-shuzou.co.jp/,純米吟醸酒,五百万石,58,16,0,2,,白山水系,,,ひやおろし / 生詰,,,A:メロン・白桃系,中庸・バランス系,3,4,4,3,3,4,4,720,true,true,2026-08-26
52050,https://find-sake.me/sake/52050,金澤中村屋 純米吟醸 生原酒 おりがらみ,かなざわなかむらや じゅんまいぎんじょう なまげんしゅ おりがらみ,Kanazawa Nakamuraya Junmai Ginjo Nama Genshu Origarami,10003,中村酒造株式会社,Nakamura Shuzo,https://find-sake.me/brewery/10003,https://www.nakamura-shuzou.co.jp/,純米吟醸酒,五百万石,60,16,-5,1.8,,白山水系,,おりがらみ,生酒 / 原酒 / しぼりたて,,,A:メロン・白桃系,重厚・乳酸系,2,4,5,4,5,2,3,720,true,true,2026-08-26
52860,https://find-sake.me/sake/52860,金澤中村屋 純米吟醸 生原酒 しぼりたて,かなざわなかむらや じゅんまいぎんじょう なまげんしゅ しぼりたて,Kanazawa Nakamuraya Junmai Ginjo Nama Genshu Shiboritate,10003,中村酒造株式会社,Nakamura Shuzo,https://find-sake.me/brewery/10003,https://www.nakamura-shuzou.co.jp/,純米吟醸酒,五百万石,58,16,2,2,吟醸酵母,白山水系,低温発酵,,しぼりたて / 生酒 / 原酒,,,A:メロン・白桃系,爽快・リンゴ酸系,3,4,4,4,4,4,4,720,true,true,2026-08-26
4093,https://find-sake.me/sake/4093,金澤中村屋 純米大吟醸,かなざわなかむらや じゅんまいだいぎんじょう,Kanazawa Nakamuraya Junmai Daiginjo,10003,中村酒造株式会社,Nakamura Shuzo,https://find-sake.me/brewery/10003,https://www.nakamura-shuzou.co.jp/,純米大吟醸,百万石乃白,40,16,0,1.6,,白山水系,,,火入れ,,,A:メロン・白桃系,爽快・リンゴ酸系,3,3,3,5,2,5,5,720;1800,true,true,2026-08-26
51518,https://find-sake.me/sake/51518,金澤中村屋 能登復興支援酒 純米吟醸,かなざわなかむらや のとふっこうしえんしゅ じゅんまいぎんじょう,Kanazawa Nakamuraya Noto Fukko Shienshu Junmai Ginjo,10003,中村酒造株式会社,Nakamura Shuzo,https://find-sake.me/brewery/10003,https://www.nakamura-shuzou.co.jp/,純米吟醸酒,五百万石,58,15,,,,白山水系,,,火入れ,,,,,3,3,4,4,5,4,3,720,true,true,2026-08-26
16455,https://find-sake.me/sake/16455,金澤御所泉,かなざわごしょいずみ,Kanazawa Goshoizumi,10002,有限会社武内酒造店,Takeuchi Shuzoten,https://find-sake.me/brewery/10002,,普通酒,国産米,70,16,,,,,,,,,,,中庸・バランス系,3,3,3,2,3,4,4,300,false,false,2026-08-20
48340,https://find-sake.me/sake/48340,金澤御所泉 吟醸,かなざわごしょいずみ ぎんじょう,Kanazawa Goshoizumi Ginjo,10002,有限会社武内酒造店,Takeuchi Shuzoten,https://find-sake.me/brewery/10002,,吟醸酒,国産米,60,16,,,,,,,,,,,中庸・バランス系,3,3,4,4,2,4,4,300,false,false,2026-09-07
45046,https://find-sake.me/sake/45046,金瓢 白駒 大吟醸,きんぴょう しらこま だいぎんじょう,Kinpyo Shirakoma Daiginjo,10031,日吉酒造店,Hiyoshi Shuzoten,https://find-sake.me/brewery/10031,https://hiyoshisyuzou.com/,大吟醸,山田錦100%,40,15,,,,能登水系,,,,,,,中庸・バランス系,4,3,3,4,2,4,4,720,false,false,2026-08-30
40409,https://find-sake.me/sake/40409,金瓢 白駒 本醸造 能登上撰,きんぴょう しらこま ほんじょうぞう のとじょうせん,Kinpyo Shirakoma Honjozo Noto Josen,10031,日吉酒造店,Hiyoshi Shuzoten,https://find-sake.me/brewery/10031,https://hiyoshisyuzou.com/,本醸造,五百万石、飯米,65,15,,,,能登水系,,,,,,E:穀物・ふくよか系,中庸・バランス系,4,3,3,2,2,4,4,1800,false,false,2026-08-30
48357,https://find-sake.me/sake/48357,鏡花 GOLD 純米吟醸 純金箔入,きょうか ごーるど じゅんまいぎんじょう じゅんきんぱくいり,Kyoka Gold Junmai Ginjo Jun-kinpaku-iri,10004,株式会社福光屋,Fukumitsuya,https://find-sake.me/brewery/10004,https://www.fukumitsuya.co.jp/,純米吟醸,山田錦100%（兵庫県多可町中区産・全量契約栽培米）,60,13,4,1.3,,白山・手取川水系,,,,,,B:青リンゴ・レモン系,中庸・バランス系,3,3,4,4,2,4,5,370,false,false,2026-08-20
14715,https://find-sake.me/sake/14715,長生舞 上撰 秀,ちょうせいまい じょうせん しゅう,Choseimai Josen Shu,10001,株式会社久世酒造店,Kuze Shuzoten,https://find-sake.me/brewery/10001,https://www.choseimai.co.jp/,普通酒,長生米、五百万石,,,,,,自社地下水（硬水7.62度）,,,,,,,,3,3,4,2,3,4,4,300;1800,false,false,2026-09-07
7476,https://find-sake.me/sake/7476,長生舞 前田利家とお松の方,ちょうせいまい まえだとしいえとおまつのかた,Choseimai Maeda Toshiie to Omatsu-no-kata,10001,株式会社久世酒造店,Kuze Shuzoten,https://find-sake.me/brewery/10001,https://www.choseimai.co.jp/,純米吟醸,五百万石,60,15,5,,,,,,,,,A:メロン・白桃系,中庸・バランス系,3,3,3,4,3,4,4,720,false,false,2026-08-20
52480,https://find-sake.me/sake/52480,長生舞 河愛の里 禁酒村 純米吟醸酒,ちょうせいまい かわいのさと きんしゅむら じゅんまいぎんじょうしゅ,Choseimai Kawai-no-sato Kinshumura Junmai Ginjoshu,10001,株式会社久世酒造店,Kuze Shuzoten,https://find-sake.me/brewery/10001,https://www.choseimai.co.jp/,純米吟醸,五百万石,60,15,,,,,,,,,,C:バナナ系,,2,3,4,4,3,3,4,720,false,false,2026-08-20
61825,https://find-sake.me/sake/61825,長生舞 清水仕込み,ちょうせいまい しょうずじこみ,Choseimai Shozu Jikomi,10001,株式会社久世酒造店,Kuze Shuzoten,https://find-sake.me/brewery/10001,https://www.choseimai.co.jp/,普通酒,長生米,70,15,,,,,,,熟成,,,D:熟成系,中庸・バランス系,3,3,4,2,3,4,4,720;1800,false,false,2026-09-07
9164,https://find-sake.me/sake/9164,長生舞 特別純米酒,ちょうせいまい とくべつじゅんまいしゅ,Choseimai Tokubetsu Junmaishu,10001,株式会社久世酒造店,Kuze Shuzoten,https://find-sake.me/brewery/10001,https://www.choseimai.co.jp/,特別純米酒,長生米,60,15,,,,,長期低温発酵,,,,,,中庸・バランス系,4,3,3,2,3,3,3,720;1800,false,false,2026-09-07
15933,https://find-sake.me/sake/15933,長生舞 石川門 純米吟醸,ちょうせいまい いしかわもん じゅんまいぎんじょう,Choseimai Ishikawamon Junmai Ginjo,10001,株式会社久世酒造店,Kuze Shuzoten,https://find-sake.me/brewery/10001,https://www.choseimai.co.jp/,純米吟醸,石川門100%,60,15,3,1.6,,自社地下水（硬水7.62度）,,,,,,A:メロン・白桃系,,2,3,5,4,4,2,4,300;720,false,false,2026-08-20
11830,https://find-sake.me/sake/11830,長生舞 超古大吟20,ちょうせいまい ちょうこだいぎん20,Choseimai Chokodaigin 20,10001,株式会社久世酒造店,Kuze Shuzoten,https://find-sake.me/brewery/10001,https://www.choseimai.co.jp/,大吟醸,山田錦100%,40,,,,,自社地下水（硬水7.62度）,,,古酒,,,D:熟成系,,2,3,2,1,2,1,1,720,false,false,2026-08-20
44737,https://find-sake.me/sake/44737,長生舞 超古大吟25,ちょうせいまい ちょうこだいぎん25,Choseimai Chokodaigin 25,10001,株式会社久世酒造店,Kuze Shuzoten,https://find-sake.me/brewery/10001,https://www.choseimai.co.jp/,大吟醸,山田錦100%,40,,,,,自社地下水（硬水7.62度）,,,古酒,,,D:熟成系,,2,3,2,1,2,1,1,500,false,false,2026-08-20
5095,https://find-sake.me/sake/5095,長生舞 超古大吟30,ちょうせいまい ちょうこだいぎん30,Choseimai Chokodaigin 30,10001,株式会社久世酒造店,Kuze Shuzoten,https://find-sake.me/brewery/10001,https://www.choseimai.co.jp/,大吟醸,山田錦,40,,,,,自社地下水（硬水7.62度）,,,古酒,,,D:熟成系,,2,3,2,1,2,1,1,500,false,false,2026-08-20
377,https://find-sake.me/sake/377,風よ水よ人よ 純米9,かぜよみずよひとよ じゅんまい9,Kaze yo Mizu yo Hito yo Junmai 9,10004,株式会社福光屋,Fukumitsuya,https://find-sake.me/brewery/10004,https://www.fukumitsuya.co.jp/,純米,国産米100%,70,9,-4,1.7,福光屋独自酵母「FS9」,白山・手取川水系,新・爽麗仕込み,,,,,E:穀物・ふくよか系,中庸・バランス系,2,4,3,2,1,4,5,300;720,false,false,2026-08-20
6522,https://find-sake.me/sake/6522,高砂 しぼりたて生原酒,たかさご しぼりたてなまげんしゅ,Takasago Shiboritate Nama Genshu,10006,株式会社金谷酒造店,Kanaya Shuzoten,https://find-sake.me/brewery/10006,https://www.hakusan-takasago.jp/,本醸造酒,酒造好適米,65,19,,,,白山・手取川水系,,,生原酒,,,B:青リンゴ・レモン系,爽快・リンゴ酸系,3,3,4,4,5,5,2,720,false,false,2026-08-20
53992,https://find-sake.me/sake/53992,高砂 にごり酒生原酒,たかさご にごりざけなまげんしゅ,Takasago Nigorizake Nama Genshu,10006,株式会社金谷酒造店,Kanaya Shuzoten,https://find-sake.me/brewery/10006,https://www.hakusan-takasago.jp/,本醸造酒,酒造好適米,65,19,,,,白山・手取川水系,,にごり,生原酒,,,B:青リンゴ・レモン系,爽快・リンゴ酸系,3,3,5,4,5,4,2,720,false,false,2026-08-20
14287,https://find-sake.me/sake/14287,高砂 上撰 本醸造,たかさご じょうせん ほんじょうぞう,Takasago Josen Honjozo,10006,株式会社金谷酒造店,Kanaya Shuzoten,https://find-sake.me/brewery/10006,https://www.hakusan-takasago.jp/,本醸造酒,酒造好適米,65,15,,,,白山・手取川水系,,,,,,,中庸・バランス系,4,3,3,2,3,4,4,720,false,false,2026-08-20
6245,https://find-sake.me/sake/6245,高砂 吟醸生貯蔵酒,たかさご ぎんじょうなまちょぞうしゅ,Takasago Ginjo Nama Chozoshu,10006,株式会社金谷酒造店,Kanaya Shuzoten,https://find-sake.me/brewery/10006,https://www.hakusan-takasago.jp/,吟醸酒,酒造好適米,60,14.5,,,,白山・手取川水系,,,生貯蔵酒,,,B:青リンゴ・レモン系,爽快・リンゴ酸系,3,3,3,4,2,4,5,720,false,false,2026-08-20
15212,https://find-sake.me/sake/15212,高砂 大吟醸,たかさご だいぎんじょう,Takasago Daiginjo,10006,株式会社金谷酒造店,Kanaya Shuzoten,https://find-sake.me/brewery/10006,https://www.hakusan-takasago.jp/,大吟醸,山田錦,40,16,,,,白山・手取川水系,,,,,,A:メロン・白桃系,中庸・バランス系,3,3,4,5,3,4,5,1800,false,false,2026-08-20
46658,https://find-sake.me/sake/46658,高砂 大吟醸 大河,たかさご だいぎんじょう たいが,Takasago Daiginjo Taiga,10006,株式会社金谷酒造店,Kanaya Shuzoten,https://find-sake.me/brewery/10006,https://www.hakusan-takasago.jp/,大吟醸,山田錦,40,16,3,,,白山・手取川水系,,あらばしり,,,,A:メロン・白桃系,爽快・リンゴ酸系,3,3,4,5,3,4,5,720;1800,false,false,2026-08-20
48912,https://find-sake.me/sake/48912,高砂 山廃古々酒 1992年醸造,たかさご やまはいここしゅ 1992ねんじょうぞう,Takasago Yamahai Kokoshu 1992 Nen Jozo,10006,株式会社金谷酒造店,Kanaya Shuzoten,https://find-sake.me/brewery/10006,https://www.hakusan-takasago.jp/,本醸造酒,酒造好適米,70,15.5,,,,白山・手取川水系,古典的山廃,,,,,D:熟成系,重厚・乳酸系,3,4,4,3,4,3,4,720,false,false,2026-08-20
30593,https://find-sake.me/sake/30593,高砂 特別本醸造,たかさご とくべつほんじょうぞう,Takasago Tokubetsu Honjozo,10006,株式会社金谷酒造店,Kanaya Shuzoten,https://find-sake.me/brewery/10006,https://www.hakusan-takasago.jp/,特別本醸造,酒造好適米,60,16,,,,白山・手取川水系,,,,,,,中庸・バランス系,4,3,3,2,3,4,3,720,false,false,2026-08-20
61327,https://find-sake.me/sake/61327,高砂 純米吟醸,たかさご じゅんまいぎんじょう,Takasago Junmai Ginjo,10006,株式会社金谷酒造店,Kanaya Shuzoten,https://find-sake.me/brewery/10006,https://www.hakusan-takasago.jp/,純米吟醸酒,酒造好適米,50,16,,,,白山・手取川水系,,,,,,A:メロン・白桃系,中庸・バランス系,3,3,4,4,3,3,4,720,false,false,2026-08-20
41202,https://find-sake.me/sake/41202,高砂 純米大古酒 1995年醸造,たかさご じゅんまいだいこしゅ 1995ねんじょうぞう,Takasago Junmai Daikoshu 1995 Nen Jozo,10006,株式会社金谷酒造店,Kanaya Shuzoten,https://find-sake.me/brewery/10006,https://www.hakusan-takasago.jp/,特別純米酒,五百万石,60,16,,,,白山・手取川水系,,,,,,D:熟成系,中庸・バランス系,3,3,4,3,3,4,4,720,false,false,2026-08-20
30416,https://find-sake.me/sake/30416,高砂 純米酒 ひやおろし,たかさご じゅんまいしゅ ひやおろし,Takasago Junmaishu Hiyaoroshi,10006,株式会社金谷酒造店,Kanaya Shuzoten,https://find-sake.me/brewery/10006,https://www.hakusan-takasago.jp/,純米酒,国産米（数種類をブレンド）,70,15,,,,白山・手取川水系,,,ひやおろし（生詰・貯蔵前加熱処理済）,,,,中庸・バランス系,3,3,4,2,3,3,4,720,false,false,2026-09-22
2792,https://find-sake.me/sake/2792,高砂 純米酒 石川門,たかさご じゅんまいしゅ いしかわもん,Takasago Junmaishu Ishikawamon,10006,株式会社金谷酒造店,Kanaya Shuzoten,https://find-sake.me/brewery/10006,https://www.hakusan-takasago.jp/,純米酒,石川門,60,16.1,1,,,白山・手取川水系,,,,,,,中庸・バランス系,2,3,4,3,4,4,4,720,false,false,2026-08-20
35199,https://find-sake.me/sake/35199,高砂 華撰,たかさご かせん,Takasago Kasen,10006,株式会社金谷酒造店,Kanaya Shuzoten,https://find-sake.me/brewery/10006,https://www.hakusan-takasago.jp/,普通酒,,,15,,,,白山・手取川水系,,,,,,,中庸・バランス系,3,3,3,2,3,4,5,1800,false,false,2026-08-20
40430,https://find-sake.me/sake/40430,鶴と福 2026 純米吟醸,つるとふく 2026 じゅんまいぎんじょう,Tsuru to Fuku 2026 Junmai Ginjo,10026,株式会社鶴野酒造店,Tsuruno Shuzoten,https://find-sake.me/brewery/10026,https://www.taniizumi.com/,純米吟醸,国産米,60,15,3.2,2.1,T酵母,,,,,,,A:メロン・白桃系,,3,5,4,5,5,3,3,720,false,false,2026-08-20
38106,https://find-sake.me/sake/38106,黄綬褒章受章 記念酒 大吟醸 前良平,おうじゅほうしょうじゅしょう きねんしゅ だいぎんじょう まえりょうへい,Oju Hosho Jusho Kinenshu Daiginjo Mae Ryohei,10034,橋本酒造株式会社,Hashimoto Shuzo,https://find-sake.me/brewery/10034,https://judaime.com/,大吟醸,山田錦,40,17,4,1.4,,,,木槽酒袋しぼり,原酒、火入れ、熟成,,,D:熟成系,中庸・バランス系,3,3,3,4,4,3,3,720,false,false,2026-09-04
26648,https://find-sake.me/sake/26648,黒帯 堂々 山廃純米,くろおび どうどう やまはいじゅんまい,Kuroobi Dodo Yamahai Junmai,10004,株式会社福光屋,Fukumitsuya,https://find-sake.me/brewery/10004,https://www.fukumitsuya.co.jp/,純米,山田錦、金紋錦,65,15,5,1.9,,白山・手取川水系,山廃,,,,,D:熟成系,,5,5,5,2,5,5,1,720;1800,false,false,2026-09-07
29098,https://find-sake.me/sake/29098,黒帯 悠々 特別純米,くろおび ゆうゆう とくべつじゅんまい,Kuroobi Yuyu Tokubetsu Junmai,10004,株式会社福光屋,Fukumitsuya,https://find-sake.me/brewery/10004,https://www.fukumitsuya.co.jp/,特別純米,山田錦、金紋錦,68,15,6,1.6,,,,,,,,D:熟成系,,5,4,4,2,4,5,3,180;300;720;1800,false,false,2026-09-07
32120,https://find-sake.me/sake/32120,黒帯 燦々 五年熟成 純米,くろおび さんさん ごねんじゅくせい じゅんまい,Kuroobi Sansan Gonen Jukusei Junmai,10004,株式会社福光屋,Fukumitsuya,https://find-sake.me/brewery/10004,https://www.fukumitsuya.co.jp/,純米,山田錦、金紋錦,65,16,4,2,,白山・手取川水系,,,古酒,,,D:熟成系,重厚・乳酸系,4,5,5,1,5,4,2,720;1800,false,false,2026-08-20
37187,https://find-sake.me/sake/37187,黒帯 飄々 古々酒 純米吟醸,くろおび ひょうひょう ここしゅ じゅんまいぎんじょう,Kuroobi Hyohyo Kokoshu Junmai Ginjo,10004,株式会社福光屋,Fukumitsuya,https://find-sake.me/brewery/10004,https://www.fukumitsuya.co.jp/,純米吟醸,山田錦、金紋錦,60,15,5,1.5,,,,,古酒,,,D:熟成系,,3,4,5,1,5,4,2,720,false,false,2026-08-20
